short_name,short_group,Field_Number,SNP.Plate.Number,SNP.Well.Position,Near_Town,Extraction_Location,Collector,Country,State,Lat,Long,Group,Stage,Stage..notes.,Year,Month,Day,RAD.
extAZ043,extAZ,1590-97302,1,A8,San Pedro/Gila River confluence,WIFL_EXT1_F4,Eben Paxton,USA,AZ,32.975,-110.77,ext,Migrant,Possible Breeding,1997,5,8,
extAZ044,extAZ,1590-97303,1,A9,San Pedro/Gila River confluence,WIFL_EXT1_F5,Eben Paxton,USA,AZ,32.975,-110.77,ext,Migrant,Possible Breeding,1997,5,8,
extAZ027,extAZ,1590-97304,1,D12,Roosevelt Lake,WIFL_EXT1_F6,Eben Paxton,USA,AZ,33.767,-111.24,ext,Migrant,Possible Breeding,1997,5,14,
extAZ045,extAZ,1590-97306,1,A10,San Pedro/Gila River confluence,WIFL_EXT1_F7,Eben Paxton,USA,AZ,32.975,-110.77,ext,Migrant,Possible Breeding,1997,5,22,
extAZ046,extAZ,1590-97307,1,A11,San Pedro/Gila River confluence,WIFL_EXT1_F8,Eben Paxton,USA,AZ,32.975,-110.77,ext,Migrant,Possible Breeding,1997,5,22,
adaCO022,adaCO,1590-97403,8,E4,Escalante State Wildlife Area,WIFL_ADA1_B8,Eben Paxton,USA,CO,38.7563,-108.1565,ada,Migrant,,1997,5,24,
extCA019,extCA,1890-22763,2,B6,South Fork Kern River,WIFL_MW2_H7,Mary Whitfield,USA,CA,35.6594,-118.46,ext,Migrant,Possible Breeding,2004,5,27,
extAZ015,extAZ,1740-91501,1,G5,Camp Verde,WIFL_EXT6_H7,Eben Paxton,USA,AZ,34.5583,-111.84,ext,Migrant,Possible Breeding,1996,5,28,
extAZ016,extAZ,1740-91504,1,G6,Camp Verde,WIFL_EXT6_H8,Eben Paxton,USA,AZ,34.5583,-111.84,ext,Migrant,Possible Breeding,1996,5,28,
adaCO029,adaCO,1740-91674,8,E11,Escalante State Wildlife Area,WIFL_ADA2_E3,Eben Paxton,USA,CO,38.7563,-108.1565,ada,Migrant,,1997,5,29,
adaCO030,adaCO,1740-91675,8,E12,Escalante State Wildlife Area,WIFL_ADA2_E4,Eben Paxton,USA,CO,38.7563,-108.1565,ada,Migrant,,1997,5,29,
extAZ047,extAZ,1590-97308,1,A12,San Pedro/Gila River confluence,WIFL_EXT1_F9,Eben Paxton,USA,AZ,32.975,-110.77,ext,Migrant,Possible Breeding,1997,5,29,
extAZ048,extAZ,1590-97310,1,B1,San Pedro/Gila River confluence,WIFL_EXT1_G1,Eben Paxton,USA,AZ,32.975,-110.77,ext,Migrant,Possible Breeding,1997,5,29,
extAZ090,extAZ,1740-51668,8,D8,East Pima site,WIFL_EXT5_D1,Eben Paxton,USA,AZ,32.8283,-109.7047,ext,Migrant,,2002,5,30,
extAZ091,extAZ,1740-51669,8,D9,East Pima site,WIFL_EXT5_D2,Eben Paxton,USA,AZ,32.8283,-109.7047,ext,Migrant,,2002,5,30,
extAZ093,extAZ,1740-51674,8,D11,East Pima site,WIFL_EXT5_D4,Eben Paxton,USA,AZ,32.8283,-109.7047,ext,Migrant,,2002,5,30,
extAZ094,extAZ,1740-51677,8,D12,East Pima site,WIFL_EXT5_D5,Eben Paxton,USA,AZ,32.8283,-109.7047,ext,Migrant,,2002,5,30,
extAZ095,extAZ,1740-51678,8,E1,East Pima site,WIFL_EXT5_D6,Eben Paxton,USA,AZ,32.8283,-109.7047,ext,Migrant,,2002,5,30,
extAZ096,extAZ,1740-51679,8,E2,East Pima site,WIFL_EXT5_D7,Eben Paxton,USA,AZ,32.8283,-109.7047,ext,Migrant,,2002,5,30,
extAZ097,extAZ,1740-51681,8,E3,East Pima site,WIFL_EXT5_D8,Eben Paxton,USA,AZ,32.8283,-109.7047,ext,Migrant,,2002,5,30,
extAZ028,extAZ,1590-97312,1,E1,Roosevelt Lake,WIFL_EXT1_G2,Eben Paxton,USA,AZ,33.767,-111.24,ext,Migrant,Possible Breeding,1997,5,31,
adaCO068,adaCO,1590-97407,8,A1,Alamosa National Wildlife Refuge,WIFL_ADA1_B9,Eben Paxton,USA,CO,37.4307,-105.7896,ada,Migrant,,1997,6,1,
adaCO069,adaCO,1590-97409,8,A2,Alamosa National Wildlife Refuge,WIFL_ADA1_C1,Eben Paxton,USA,CO,37.4307,-105.7896,ada,Migrant,,1997,6,1,
extAZ029,extAZ,1590-97314,1,E2,Roosevelt Lake,WIFL_EXT1_G3,Eben Paxton,USA,AZ,33.767,-111.24,ext,Migrant,Possible Breeding,1997,6,1,
adaCO007,adaCO,1590-97410,8,C4,Clear Creek,WIFL_ADA1_C2,Eben Paxton,USA,CO,37.7917,-108.2356,ada,Migrant,,1997,6,2,
adaCO008,adaCO,1590-97411,8,C5,Clear Creek,WIFL_ADA1_C3,Eben Paxton,USA,CO,37.7917,-108.2356,ada,Migrant,,1997,6,2,
extAZ030,extAZ,1590-97319,1,E3,Roosevelt Lake,WIFL_EXT1_G4,Eben Paxton,USA,AZ,33.767,-111.24,ext,Migrant,Possible Breeding,1997,6,2,
traMI003,traMI,2710-37143,3,F10,Augusta,WIFL_MISC_A2,Mary Whitfield,USA,MI,42.2969,-85.324,tra,Migrant,,2016,6,2,
traMI007,traMI,2750-98990,3,G2,Augusta,"WIFL_MISC_B2, WIFLBLOOD_MISC_D6",Mary Whitfield,USA,MI,42.2969,-85.324,tra,Migrant,,2016,6,2,
traMI008,traMI,2750-98995,3,G3,Augusta,"WIFL_MISC_B3, WIFLBLOOD_MISC_D7",Mary Whitfield,USA,MI,42.2969,-85.324,tra,Migrant,,2016,6,2,
traMI009,traMI,2750-98997,3,G4,Augusta,"WIFL_MISC_B4, WIFLBLOOD_MISC_D8",Mary Whitfield,USA,MI,42.2969,-85.324,tra,Migrant,,2016,6,2,
adaCO001,adaCO,1590-97412,8,B2,Beaver Creek,WIFL_ADA1_C4,Eben Paxton,USA,CO,37.6836,-108.3781,ada,Migrant,,1997,6,3,
extAZ031,extAZ,1590-97320,1,E4,Roosevelt Lake,WIFL_EXT1_G5,Eben Paxton,USA,AZ,33.767,-111.24,ext,Migrant,Possible Breeding,1997,6,3,
extAZ009,extAZ,1590-97323,8,B10,Camp Verde,WIFL_EXT1_G7,Eben Paxton,USA,AZ,34.5583,-111.8417,ext,Migrant,,1997,6,5,
extAZ010,extAZ,1590-97326,8,B11,Camp Verde,WIFL_EXT1_G9,Eben Paxton,USA,AZ,34.5583,-111.8417,ext,Migrant,,1997,6,5,
extAZ020,extAZ,1590-97322,1,G3,Camp Verde,WIFL_EXT1_G6,Eben Paxton,USA,AZ,34.5583,-111.84,ext,Migrant,Possible Breeding,1997,6,5,
extAZ021,extAZ,1590-97324,1,G4,Camp Verde,WIFL_EXT1_G8,Eben Paxton,USA,AZ,34.5583,-111.84,ext,Migrant,Possible Breeding,1997,6,5,
extAZ022,extAZ,2290-24257,1,G9,Camp Verde,WIFL_EXT8_D2,Eben Paxton,USA,AZ,34.5583,-111.84,ext,Migrant,Possible Breeding,1997,6,5,
extAZ058,extAZ,1590-97289,1,A6,San Pedro/Gila River confluence,WIFL_EXT1_E6,Eben Paxton,USA,AZ,32.975,-110.77,ext,Migrant,Possible Breeding,2000,6,5,
extAZ059,extAZ,1590-97290,1,A7,San Pedro/Gila River confluence,WIFL_EXT1_E7,Eben Paxton,USA,AZ,32.975,-110.77,ext,Migrant,Possible Breeding,2000,6,5,
extCA043,extCA,2450-87057,2,A5,San Diego,,Barbara Kus,USA,CA,33.2765,-117.37,ext,Migrant,,2011,6,5,Failed
extAZ007,extAZ,1590-97220,8,B8,Camp Verde,WIFL_EXT1_A8,Eben Paxton,USA,AZ,34.5583,-111.8417,ext,Migrant,,1997,6,8,
extAZ060,extAZ,1590-97292,1,B11,San Carlos Reservation,WIFL_EXT1_E9,Eben Paxton,USA,AZ,33.1967,-110.44,ext,Migrant,Possible Breeding,2000,6,10,
extAZ061,extAZ,1590-97293,1,B12,San Carlos Reservation,WIFL_EXT1_F1,Eben Paxton,USA,AZ,33.1967,-110.44,ext,Migrant,Possible Breeding,2000,6,10,
extAZ062,extAZ,1590-97294,1,C1,San Carlos Reservation,WIFL_EXT1_F2,Eben Paxton,USA,AZ,33.1967,-110.44,ext,Migrant,Possible Breeding,2000,6,10,
extAZ063,extAZ,1590-97296,1,C2,San Carlos Reservation,WIFL_EXT1_F3,Eben Paxton,USA,AZ,33.1967,-110.44,ext,Migrant,Possible Breeding,2000,6,10,
extAZ082,extAZ,1590-97291,9,C5,San Carlos Reservation,WIFL_EXT1_E8,Eben Paxton,USA,AZ,33.1967,-110.4392,ext,Migrant,,2000,6,10,
extCA001,extCA,1590-97329,2,A12,Santa Ynez River,WIFL_EXT1_H1,Eben Paxton,USA,CA,34.6167,-120.18,ext,Migrant,Possible Breeding,1997,6,10,
adaCO023,adaCO,1590-97413,8,E5,Escalante State Wildlife Area,WIFL_ADA1_C5,Eben Paxton,USA,CO,38.7563,-108.1565,ada,Migrant,,1997,6,11,
brwOR020,brwOR,07N2010,2,F5,Ashland,,,USA,OR,42.1997,-122.69,brw,Migrant,,2007,6,11,
adaCO034,adaCO,1590-97417,9,H1,White River at Buford,WIFL_ADA1_C8,Eben Paxton,USA,CO,39.95,-107.7,ada,Migrant,,1997,6,12,
adaCO035,adaCO,1590-97418,9,H2,White River at Buford,WIFL_ADA1_C9,Eben Paxton,USA,CO,39.95,-107.7,ada,Migrant,,1997,6,12,
adaCO038,adaCO,1590-97416,8,G4,Lake Avery,WIFL_ADA1_C7,Eben Paxton,USA,CO,39.9717,-107.6467,ada,Migrant,,1997,6,12,
brwOR021,brwOR,07N2015,2,F3,Ashland,,,USA,OR,41.63,-122.1,brw,Migrant,,2007,6,12,
extAZ113,extAZ,1710-46396,9,G9,White Mountains,WIFL_EXT5_C1,Eben Paxton,USA,AZ,34,-109,ext,Migrant,,1999,6,12,
extCA002,extCA,1590-97330,2,B1,Santa Ynez River,WIFL_EXT1_H2,Eben Paxton,USA,CA,34.6167,-120.18,ext,Migrant,Possible Breeding,1997,6,12,
extCA003,extCA,1590-97331,2,B2,Santa Ynez River,WIFL_EXT1_H3,Eben Paxton,USA,CA,34.6167,-120.18,ext,Migrant,Possible Breeding,1997,6,12,
extCA004,extCA,1590-97333,2,B3,Santa Ynez River,WIFL_EXT1_H4,Eben Paxton,USA,CA,34.6167,-120.18,ext,Migrant,Possible Breeding,1997,6,12,
adaCO015,adaCO,1590-97422,9,B5,Rio Blanco Lake,WIFL_ADA1_D1,Eben Paxton,USA,CO,40.0883,-108.2119,ada,Migrant,,1997,6,13,
adaCO016,adaCO,1590-97423,9,B6,Rio Blanco Lake,WIFL_ADA1_D2,Eben Paxton,USA,CO,40.0883,-108.2119,ada,Migrant,,1997,6,13,
adaCO017,adaCO,1590-97424,9,B7,Rio Blanco Lake,WIFL_ADA1_D3,Eben Paxton,USA,CO,40.0883,-108.2119,ada,Migrant,,1997,6,13,
adaCO018,adaCO,1590-97425,9,B8,Rio Blanco Lake,WIFL_ADA1_D4,Eben Paxton,USA,CO,40.0883,-108.2119,ada,Migrant,,1997,6,13,
adaCO019,adaCO,1590-97427,9,B9,Rio Blanco Lake,WIFL_ADA1_D5,Eben Paxton,USA,CO,40.0883,-108.2119,ada,Migrant,,1997,6,13,
adaCO057,adaCO,2350-24118,9,C2,Rio Grande State Wildlife Area,WIFL_ADA3_C8,Eben Paxton,USA,CO,37.5,-106,ada,Migrant,,2004,6,13,
adaCO058,adaCO,2350-24120,9,C3,Rio Grande State Wildlife Area,WIFL_ADA3_C9,Eben Paxton,USA,CO,37.5,-106,ada,Migrant,,2004,6,13,
adaCO059,adaCO,2350-24122,9,C4,Rio Grande State Wildlife Area,WIFL_ADA3_D1,Eben Paxton,USA,CO,37.5,-106,ada,Migrant,,2004,6,13,
brwOR010,brwOR,113898,10,F12,Coos,WIFL_MISC_C5,Sharon Birks,USA,OR,43.295,-124.12,brw,Migrant,,2006,6,13,
traMI010,traMI,2750-99269,3,G5,Augusta,"WIFL_MISC_B5, WIFLBLOOD_MISC_D9",Mary Whitfield,USA,MI,42.2969,-85.324,tra,Migrant,,2016,6,13,
traMI011,traMI,2750-99292,3,G6,Augusta,"WIFL_MISC_B6, WIFLBLOOD_MISC_E1",Mary Whitfield,USA,MI,42.2969,-85.324,tra,Migrant,,2016,6,13,
adaCO040,adaCO,1590-97430,8,F10,Homestake Creek,WIFL_ADA1_D6,Eben Paxton,USA,CO,39.4667,-106.3667,ada,Migrant,,1997,6,14,
adaCO041,adaCO,1590-97431,8,F11,Homestake Creek,WIFL_ADA1_D7,Eben Paxton,USA,CO,39.4667,-106.3667,ada,Migrant,,1997,6,14,
adaCO051,adaCO,2350-24112,8,F6,Higel State Wildlife Area,WIFL_EXT8_F3,Eben Paxton,USA,CO,37.5,-106,ada,Migrant,,2004,6,14,
adaCO052,adaCO,2350-24115,8,F7,Higel State Wildlife Area,WIFL_EXT8_F4,Eben Paxton,USA,CO,37.5,-106,ada,Migrant,,2004,6,14,
adaCO053,adaCO,2350-24116,8,F8,Higel State Wildlife Area,WIFL_EXT8_F5,Eben Paxton,USA,CO,37.5,-106,ada,Migrant,,2004,6,14,
adaCO054,adaCO,2350-24117,8,F9,Higel State Wildlife Area,WIFL_EXT8_F6,Eben Paxton,USA,CO,37.5,-106,ada,Migrant,,2004,6,14,
adaCO055,adaCO,2350-24107,9,B12,Rio Grande State Wildlife Area,WIFL_EXT8_F1,Eben Paxton,USA,CO,37.5,-106,ada,Migrant,,2004,6,14,
adaCO056,adaCO,2350-24109,9,C1,Rio Grande State Wildlife Area,WIFL_EXT8_F2,Eben Paxton,USA,CO,37.5,-106,ada,Migrant,,2004,6,14,
brwOR007,brwOR,100471,10,F9,Coos,WIFL_MISC_C2,Sharon Birks,USA,OR,43.295,-124.12,brw,Migrant,,2006,6,14,
brwOR008,brwOR,100472,10,F10,Coos,WIFL_MISC_C3,Sharon Birks,USA,OR,43.295,-124.12,brw,Migrant,,2006,6,14,
brwOR011,brwOR,113900,10,G1,Coos,WIFL_MISC_C6,Sharon Birks,USA,OR,43.295,-124.12,brw,Migrant,,2006,6,14,
extAZ107,extAZ,1590-97225,9,G3,White Mountains,WIFL_EXT1_B1,Eben Paxton,USA,AZ,34,-109,ext,Migrant,,1997,6,14,
extCA005,extCA,1590-97334,2,B4,Santa Ynez River,WIFL_EXT1_H5,Eben Paxton,USA,CA,34.6167,-120.18,ext,Migrant,Possible Breeding,1997,6,14,
extCA006,extCA,1590-97335,2,B5,Santa Ynez River,WIFL_EXT1_H6,Eben Paxton,USA,CA,34.6167,-120.18,ext,Migrant,Possible Breeding,1997,6,14,
brwOR006,brwOR,100451,10,F8,Coos,WIFL_MISC_C1,Sharon Birks,USA,OR,43.295,-124.12,brw,Breeding,,2006,6,15,
brwOR032,brwOR,10N15156,2,G4,Marion Forks,,Ron Taylor,USA,OR,44.3708,-122.02,brw,Breeding,,2011,6,15,
brwOR033,brwOR,11N0853,2,G5,Marion Forks,,Ron Taylor,USA,OR,44.3708,-122.02,brw,Breeding,,2011,6,15,
extNM003,extNM,1590-97226,9,H3,Zuni/Nutria Diversion Reservoi,WIFL_EXT1_B2,Eben Paxton,USA,NM,35.2354,-108.64,ext,Breeding,,1997,6,15,
extNM004,extNM,1590-97227,9,H4,Zuni/Nutria Diversion Reservoi,WIFL_EXT1_B3,Eben Paxton,USA,NM,35.2354,-108.64,ext,Breeding,,1997,6,15,
extNM005,extNM,1590-97229,9,H5,Zuni/Nutria Diversion Reservoi,WIFL_EXT1_B4,Eben Paxton,USA,NM,35.2354,-108.64,ext,Breeding,,1997,6,15,
extNV001,extNV,1590-97336,3,B6,Pahranagat Lake NWR,WIFL_EXT1_H7,Eben Paxton,USA,NV,37.3167,-115.13,ext,Breeding,,1997,6,15,
extNV002,extNV,1590-97337,3,B7,Pahranagat Lake NWR,WIFL_EXT1_H8,Eben Paxton,USA,NV,37.3167,-115.13,ext,Breeding,,1997,6,15,
adaCO020,adaCO,1590-97432,9,B10,Rio Blanco Lake,WIFL_ADA1_D8,Eben Paxton,USA,CO,40.0883,-108.2119,ada,Breeding,,1997,6,16,
adaCO021,adaCO,1590-97433,9,B11,Rio Blanco Lake,WIFL_ADA1_D9,Eben Paxton,USA,CO,40.0883,-108.2119,ada,Breeding,,1997,6,16,
extNM006,extNM,1590-97230,9,H6,Zuni/Nutria Diversion Reservoi,WIFL_EXT1_B5,Eben Paxton,USA,NM,35.2354,-108.64,ext,Breeding,,1997,6,16,
extNV003,extNV,1590-97338,3,B8,Pahranagat Lake NWR,WIFL_EXT1_H9,Eben Paxton,USA,NV,37.3167,-115.13,ext,Breeding,,1997,6,16,
extNV004,extNV,1590-97339,3,B9,Pahranagat Lake NWR,WIFL_EXT1_I1,Eben Paxton,USA,NV,37.3167,-115.13,ext,Breeding,,1997,6,16,
extNV005,extNV,1590-97340,3,B10,Pahranagat Lake NWR,WIFL_EXT1_I2,Eben Paxton,USA,NV,37.3167,-115.13,ext,Breeding,,1997,6,16,
extNV006,extNV,1590-97341,3,B11,Pahranagat Lake NWR,WIFL_EXT1_I3,Eben Paxton,USA,NV,37.3167,-115.13,ext,Breeding,,1997,6,16,
traTN001,traTN,1740-51601,3,E1,Cross Creek,WIFL_PA-TRA1_D2,Eben Paxton,USA,TN,36.5,-87.787,tra,Breeding,,2000,6,16,
traTN002,traTN,1740-51604,3,E2,Cross Creek,WIFL_PA-TRA1_D3,Eben Paxton,USA,TN,36.5,-87.787,tra,Breeding,,2000,6,16,
traTN003,traTN,1740-51605,3,E3,Cross Creek,WIFL_PA-TRA1_D4,Eben Paxton,USA,TN,36.5,-87.787,tra,Breeding,,2000,6,16,
traTN004,traTN,1740-51606,3,E4,Cross Creek,WIFL_PA-TRA1_D5,Eben Paxton,USA,TN,36.5,-87.787,tra,Breeding,,2000,6,16,
brwOR009,brwOR,100492,10,F11,Coos,WIFL_MISC_C4,Sharon Birks,USA,OR,43.295,-124.12,brw,Breeding,,2006,6,17,
extAZ001,extAZ,1590-97342,9,A2,Lower Colorado River,WIFL_EXT1_I4,Eben Paxton,USA,AZ,36.0503,-114.7331,ext,Breeding,,1997,6,17,
traND001,traND,1740-51651,3,H4,Arrowwood NWR,WIFL_PA-TRA1_E4,Eben Paxton,USA,ND,47.2125,-98.842,tra,Breeding,,2000,6,17,
traND002,traND,1740-51653,3,H5,Arrowwood NWR,WIFL_PA-TRA1_E5,Eben Paxton,USA,ND,47.2125,-98.842,tra,Breeding,,2000,6,17,
traND003,traND,1740-51654,3,H6,Arrowwood NWR,WIFL_PA-TRA1_E6,Eben Paxton,USA,ND,47.2125,-98.842,tra,Breeding,,2000,6,17,
adaUT001,adaUT,1590-97384,8,G5,Little Bear River,WIFL_ADA1_A3,Eben Paxton,USA,UT,41.7191,-111.9438,ada,Breeding,,1998,6,18,
extAZ002,extAZ,1590-97343,9,A3,Lower Colorado River,WIFL_EXT1_I5,Eben Paxton,USA,AZ,36.0503,-114.7331,ext,Breeding,,1997,6,18,
extAZ003,extAZ,1590-97344,9,A4,Lower Colorado River,WIFL_EXT1_I6,Eben Paxton,USA,AZ,36.0503,-114.7331,ext,Breeding,,1997,6,18,
extCA041,extCA,2580-61407,2,A10,San Diego,,Barbara Kus,USA,CA,33.2765,-117.37,ext,Breeding,,2010,6,18,Failed
extCA042,extCA,2580-61408,2,A11,San Diego,,Barbara Kus,USA,CA,33.2765,-117.37,ext,Breeding,,2010,6,18,
extCA044,extCA,2640-78801,2,A1,San Diego,,Barbara Kus,USA,CA,33.2483,-116.79,ext,Breeding,,2010,6,18,Failed
extCA045,extCA,2640-79003,2,A2,San Diego,,Barbara Kus,USA,CA,33.2483,-116.79,ext,Breeding,,2010,6,18,Failed
adaUT002,adaUT,1590-97385,8,G11,Logan River,WIFL_ADA1_A4,Eben Paxton,USA,UT,41.7205,-111.8837,ada,Breeding,,1998,6,19,
traSD001,traSD,1740-51660,3,H2,Little White River Rec. Area,WIFL_PA-TRA1_F3,Eben Paxton,USA,SD,43.1667,-101.53,tra,Breeding,,2000,6,19,
traSD002,traSD,1740-51662,3,H3,Little White River Rec. Area,WIFL_PA-TRA1_F4,Eben Paxton,USA,SD,43.1667,-101.53,tra,Breeding,,2000,6,19,
traTN005,traTN,1740-51612,3,D9,Mountain City,WIFL_PA-TRA1_D9,Eben Paxton,USA,TN,36.3942,-81.852,tra,Breeding,,2000,6,19,
traTN006,traTN,1740-51613,3,D10,Mountain City,WIFL_PA-TRA1_E1,Eben Paxton,USA,TN,36.3942,-81.852,tra,Breeding,,2000,6,19,
traTN007,traTN,1740-51615,3,D11,Mountain City,WIFL_PA-TRA1_E2,Eben Paxton,USA,TN,36.3942,-81.852,tra,Breeding,,2000,6,19,
traTN008,traTN,1740-51616,3,D12,Mountain City,WIFL_PA-TRA1_E3,Eben Paxton,USA,TN,36.3942,-81.852,tra,Breeding,,2000,6,19,
adaMT001,adaMT,1590-97499,3,H10,Hamon Memorial,WIFL_ADA1_H8,Eben Paxton,USA,MT,45.95,-114.13,ada,Breeding,,1998,6,20,Failed
extAZ064,extAZ,1710-20642,1,C3,San Carlos Reservation,WIFL_EXT4_C8,Eben Paxton,USA,AZ,33.1967,-110.44,ext,Breeding,,2000,6,20,
extAZ067,extAZ,1710-46371,1,C6,San Carlos Reservation,WIFL_EXT4_I5,Eben Paxton,USA,AZ,33.1967,-110.44,ext,Breeding,,2000,6,20,
extAZ075,extAZ,1710-46379,1,D2,San Carlos Reservation,WIFL_EXT5_A5,Eben Paxton,USA,AZ,33.1967,-110.44,ext,Breeding,,2000,6,20,
extAZ076,extAZ,1710-46380,1,D3,San Carlos Reservation,WIFL_EXT5_A6,Eben Paxton,USA,AZ,33.1967,-110.44,ext,Breeding,,2000,6,20,
extAZ080,extAZ,1710-46391,1,D7,San Carlos Reservation,WIFL_EXT5_B5,Eben Paxton,USA,AZ,33.1967,-110.44,ext,Breeding,,2000,6,20,
extAZ081,extAZ,1710-46392,1,D8,San Carlos Reservation,WIFL_EXT5_B6,Eben Paxton,USA,AZ,33.1967,-110.44,ext,Breeding,,2000,6,20,
extAZ083,extAZ,1710-20641,9,C6,San Carlos Reservation,WIFL_EXT4_C7,Eben Paxton,USA,AZ,33.1967,-110.4392,ext,Breeding,,2000,6,20,
extAZ084,extAZ,1710-20643,9,C7,San Carlos Reservation,WIFL_EXT4_C9,Eben Paxton,USA,AZ,33.1967,-110.4392,ext,Breeding,,2000,6,20,
extAZ087,extAZ,1710-46394,9,C10,San Carlos Reservation,WIFL_EXT5_B8,Eben Paxton,USA,AZ,33.1967,-110.4392,ext,Breeding,,2000,6,20,
extAZ089,extAZ,1710-46400,9,C12,San Carlos Reservation,WIFL_EXT5_C5,Eben Paxton,USA,AZ,33.1967,-110.4392,ext,Breeding,,2000,6,20,
adaBC001,adaBC,97N5025,1,A4,VANCOVER,,,CAN,BC,49.2783,-123.12,ada,Breeding,,1997,6,21,
extAZ068,extAZ,1710-46372,1,C7,San Carlos Reservation,WIFL_EXT4_I6,Eben Paxton,USA,AZ,33.1967,-110.44,ext,Breeding,,2000,6,21,
extAZ069,extAZ,1710-46373,1,C8,San Carlos Reservation,WIFL_EXT4_I7,Eben Paxton,USA,AZ,33.1967,-110.44,ext,Breeding,,2000,6,21,
extAZ070,extAZ,1710-46374,1,C9,San Carlos Reservation,WIFL_EXT4_I8,Eben Paxton,USA,AZ,33.1967,-110.44,ext,Breeding,,2000,6,21,
extAZ071,extAZ,1710-46375,1,C10,San Carlos Reservation,WIFL_EXT5_A1,Eben Paxton,USA,AZ,33.1967,-110.44,ext,Breeding,,2000,6,21,
extAZ072,extAZ,1710-46376,1,C11,San Carlos Reservation,WIFL_EXT5_A2,Eben Paxton,USA,AZ,33.1967,-110.44,ext,Breeding,,2000,6,21,
extAZ073,extAZ,1710-46377,1,C12,San Carlos Reservation,WIFL_EXT5_A3,Eben Paxton,USA,AZ,33.1967,-110.44,ext,Breeding,,2000,6,21,
extAZ074,extAZ,1710-46378,1,D1,San Carlos Reservation,WIFL_EXT5_A4,Eben Paxton,USA,AZ,33.1967,-110.44,ext,Breeding,,2000,6,21,
extAZ077,extAZ,1710-46381,1,D4,San Carlos Reservation,WIFL_EXT5_A7,Eben Paxton,USA,AZ,33.1967,-110.44,ext,Breeding,,2000,6,21,
extAZ078,extAZ,1710-46382,1,D5,San Carlos Reservation,WIFL_EXT5_A8,Eben Paxton,USA,AZ,33.1967,-110.44,ext,Breeding,,2000,6,21,
extAZ079,extAZ,1710-46383,1,D6,San Carlos Reservation,WIFL_EXT5_A9,Eben Paxton,USA,AZ,33.1967,-110.44,ext,Breeding,,2000,6,21,
extAZ088,extAZ,1710-46397,9,C11,San Carlos Reservation,WIFL_EXT5_C2,Eben Paxton,USA,AZ,33.1967,-110.4392,ext,Breeding,,2000,6,21,
brwOR023,brwOR,09N17478,2,F7,Marion Forks,,"Herman Arias, Steve Ploetz",USA,OR,44.3708,-122.02,brw,Breeding,,2009,6,22,
brwOR026,brwOR,10N15036,2,F10,Marion Forks,,Ron Taylor,USA,OR,44.3708,-122.02,brw,Breeding,,2010,6,22,
brwOR028,brwOR,10N15076,2,F12,Marion Forks,,Ron Taylor,USA,OR,44.3708,-122.02,brw,Breeding,,2010,6,22,
brwOR029,brwOR,10N15080,2,G1,Marion Forks,,Ron Taylor,USA,OR,44.3708,-122.02,brw,Breeding,,2010,6,22,
adaCO067,adaCO,1710-20640,3,C10,Alamosa National Wildlife Refuge,WIFL_ADA2_A5,Eben Paxton,USA,CO,37.4307,-105.79,ada,Breeding,,1998,6,23,
adaCO074,adaCO,1710-20639,8,A7,Alamosa National Wildlife Refuge,WIFL_ADA2_A4,Eben Paxton,USA,CO,37.4307,-105.7896,ada,Breeding,,1998,6,23,
extAZ008,extAZ,1590-97234,8,B9,Camp Verde,WIFL_EXT1_B8,Eben Paxton,USA,AZ,34.5583,-111.8417,ext,Breeding,,1997,6,23,
extAZ018,extAZ,1590-97233,1,G1,Camp Verde,WIFL_EXT1_B7,Eben Paxton,USA,AZ,34.5583,-111.84,ext,Breeding,,1997,6,23,
extAZ019,extAZ,1590-97235,1,G2,Camp Verde,WIFL_EXT1_B9,Eben Paxton,USA,AZ,34.5583,-111.84,ext,Breeding,,1997,6,23,
extAZ024,extAZ,1590-97236,1,D9,Roosevelt Lake,WIFL_EXT1_C1,Eben Paxton,USA,AZ,33.767,-111.24,ext,Breeding,Possible Breeding,1997,6,23,
traMN001,traMN,1740-91779,2,E4,Elm Creek,"WIFL_ADA2_F6, WIFL_PA-TRA1_G1",Eben Paxton,USA,MN,45.1333,-93.45,tra,Breeding,,1998,6,23,
adaCO066,adaCO,1590-97436,3,C9,Alamosa National Wildlife Refuge,WIFL_ADA1_E1,Eben Paxton,USA,CO,37.4307,-105.79,ada,Breeding,,1997,6,24,
adaCO070,adaCO,1590-97437,8,A3,Alamosa National Wildlife Refuge,WIFL_ADA1_E2,Eben Paxton,USA,CO,37.4307,-105.7896,ada,Breeding,,1997,6,24,
extCA007,extCA,1740-91689,2,D9,Owen's River at Bishop,WIFL_EXT7_F4,Eben Paxton,USA,CA,37.4083,-118.48,ext,Breeding,,1998,6,24,
extCA008,extCA,1740-91690,2,D10,Owen's River at Bishop,WIFL_EXT7_F5,Eben Paxton,USA,CA,37.4083,-118.48,ext,Breeding,,1998,6,24,
extNM021,extNM,1740-91683,9,G2,West Fort Ditch,WIFL_EXT7_E8,Eben Paxton,USA,NM,33.0386,-108.5378,ext,Breeding,,1998,6,24,
traMN002,traMN,1740-91780,2,E5,Elm Creek,"WIFL_ADA2_F7, WIFL_PA-TRA1_G2",Eben Paxton,USA,MN,45.1333,-93.45,tra,Breeding,,1998,6,24,Failed
adaBC002,adaBC,97N5030,1,A5,CLINTON,,,CAN,BC,51.0923,-121.59,ada,Breeding,,1997,6,25,
adaCO071,adaCO,1590-97439,8,A4,Alamosa National Wildlife Refuge,WIFL_ADA1_E3,Eben Paxton,USA,CO,37.4307,-105.7896,ada,Breeding,,1997,6,25,
adaCO072,adaCO,1590-97441,8,A5,Alamosa National Wildlife Refuge,WIFL_ADA1_E4,Eben Paxton,USA,CO,37.4307,-105.7896,ada,Breeding,,1997,6,25,
adaCO073,adaCO,1590-97442,8,A6,Alamosa National Wildlife Refuge,WIFL_ADA1_E5,Eben Paxton,USA,CO,37.4307,-105.7896,ada,Breeding,,1997,6,25,
adaUT028,adaUT,1590-97386,8,H7,Lost Creek,WIFL_ADA1_A5,Eben Paxton,USA,UT,41.222,-111.3575,ada,Breeding,,1998,6,25,
adaUT029,adaUT,1590-97388,8,H8,Lost Creek,WIFL_ADA1_A6,Eben Paxton,USA,UT,41.222,-111.3575,ada,Breeding,,1998,6,25,
extAZ012,extAZ,1710-46386,8,C1,Camp Verde,WIFL_EXT5_B1,Eben Paxton,USA,AZ,34.5583,-111.8417,ext,Breeding,,2000,6,25,
extCA037,extCA,2540-83432,2,A6,San Diego,,Barbara Kus,USA,CA,33.2765,-117.37,ext,Breeding,,2010,6,25,
traMN003,traMN,1740-91783,2,E7,Elm Creek,WIFL_PA-TRA1_G4,Eben Paxton,USA,MN,45.1333,-93.45,tra,Breeding,,1998,6,25,Failed
adaUT016,adaUT,1590-97389,8,D3,East Canyon Reservoir,WIFL_ADA1_A7,Eben Paxton,USA,UT,40.8744,-111.583,ada,Breeding,,1998,6,26,
adaCO060,adaCO,1590-97445,9,A8,McIntire Springs,WIFL_ADA1_E6,Eben Paxton,USA,CO,37.2833,-105.8167,ada,Breeding,,1997,6,27,
adaCO061,adaCO,1590-97446,9,A9,McIntire Springs,WIFL_ADA1_E7,Eben Paxton,USA,CO,37.2833,-105.8167,ada,Breeding,,1997,6,27,
adaCO062,adaCO,1590-97447,9,A10,McIntire Springs,WIFL_ADA1_E8,Eben Paxton,USA,CO,37.2833,-105.8167,ada,Breeding,,1997,6,27,
extAZ049,extAZ,1590-97349,1,B2,San Pedro/Gila River confluence,WIFL_EXT1_I7,Eben Paxton,USA,AZ,32.975,-110.77,ext,Breeding,,1997,6,27,
extAZ050,extAZ,1590-97350,1,B3,San Pedro/Gila River confluence,WIFL_EXT1_I8,Eben Paxton,USA,AZ,32.975,-110.77,ext,Breeding,,1997,6,27,
adaCO009,adaCO,1590-97448,8,C6,Clear Creek,WIFL_ADA1_E9,Eben Paxton,USA,CO,37.7917,-108.2356,ada,Breeding,,1997,6,28,
adaCO010,adaCO,1590-97451,8,C7,Clear Creek,WIFL_ADA1_F1,Eben Paxton,USA,CO,37.7917,-108.2356,ada,Breeding,,1997,6,28,
extAZ014,extAZ,1740-91684,8,C3,Camp Verde,WIFL_EXT7_E9,Eben Paxton,USA,AZ,34.5583,-111.8417,ext,Breeding,,1998,6,28,
extAZ023,extAZ,1740-91685,1,G8,Camp Verde,WIFL_EXT7_F1,Eben Paxton,USA,AZ,34.5583,-111.84,ext,Breeding,,1998,6,28,
extAZ032,extAZ,1590-97352,1,E5,Roosevelt Lake,WIFL_EXT1_I9,Eben Paxton,USA,AZ,33.767,-111.24,ext,Breeding,,1997,6,28,
extAZ051,extAZ,1590-97353,1,B4,San Pedro/Gila River confluence,WIFL_EXT2_A1,Eben Paxton,USA,AZ,32.975,-110.77,ext,Breeding,,1997,6,28,
extAZ052,extAZ,1590-97354,1,B5,San Pedro/Gila River confluence,WIFL_EXT2_A2,Eben Paxton,USA,AZ,32.975,-110.77,ext,Breeding,,1997,6,28,
extNM011,extNM,1710-20644,3,C2,West Fort Ditch,WIFL_EXT4_D1,Eben Paxton,USA,NM,33.0386,-108.54,ext,Breeding,,2000,6,28,
extNM012,extNM,1710-46366,3,C3,West Fort Ditch,WIFL_EXT4_H9,Eben Paxton,USA,NM,33.0386,-108.54,ext,Breeding,,2000,6,28,
extNM013,extNM,1710-46367,3,C4,West Fort Ditch,WIFL_EXT4_I1,Eben Paxton,USA,NM,33.0386,-108.54,ext,Breeding,,2000,6,28,
extNM014,extNM,1710-46365,9,F7,West Fort Ditch,WIFL_EXT4_H8,Eben Paxton,USA,NM,33.0386,-108.5378,ext,Breeding,,2000,6,28,
extNM015,extNM,1710-46368,9,F8,West Fort Ditch,WIFL_EXT4_I2,Eben Paxton,USA,NM,33.0386,-108.5378,ext,Breeding,,2000,6,28,
extNM016,extNM,1710-46369,9,F9,West Fort Ditch,WIFL_EXT4_I3,Eben Paxton,USA,NM,33.0386,-108.5378,ext,Breeding,,2000,6,28,
extNM017,extNM,1710-46370,9,F10,West Fort Ditch,WIFL_EXT4_I4,Eben Paxton,USA,NM,33.0386,-108.5378,ext,Breeding,,2000,6,28,
extNM018,extNM,1710-46387,9,F11,West Fort Ditch,WIFL_EXT5_B2,Eben Paxton,USA,NM,33.0386,-108.5378,ext,Breeding,,2000,6,28,
extNM019,extNM,1710-46388,9,F12,West Fort Ditch,WIFL_EXT5_B3,Eben Paxton,USA,NM,33.0386,-108.5378,ext,Breeding,,2000,6,28,
extNM020,extNM,1710-46389,9,G1,West Fort Ditch,WIFL_EXT5_B4,Eben Paxton,USA,NM,33.0386,-108.5378,ext,Breeding,,2000,6,28,
traNY001,traNY,1740-91785,3,E7,Black Creek SWMA,WIFL_PA-TRA1_G5,Eben Paxton,USA,NY,42.65,-73.933,tra,Breeding,,1998,6,28,Failed
traNY002,traNY,1740-91786,3,E8,Black Creek SWMA,WIFL_PA-TRA1_G6,Eben Paxton,USA,NY,42.65,-73.933,tra,Breeding,,1998,6,28,Failed
adaBC003,adaBC,97N5054,1,A3,Eagle Creek,"WIFL_MISC_B9, WIFLBLOOD_MISC_F3",CTR,CAN,BC,NA,NA,ada,Breeding,,1997,6,29,
adaCO002,adaCO,1590-97452,8,B3,Beaver Creek,WIFL_ADA1_F2,Eben Paxton,USA,CO,37.6836,-108.3781,ada,Breeding,,1997,6,29,
adaCO003,adaCO,1590-97453,8,B4,Beaver Creek,WIFL_ADA1_F3,Eben Paxton,USA,CO,37.6836,-108.3781,ada,Breeding,,1997,6,29,
adaCO004,adaCO,1590-97454,8,B5,Beaver Creek,WIFL_ADA1_F4,Eben Paxton,USA,CO,37.6836,-108.3781,ada,Breeding,,1997,6,29,
extAZ017,extAZ,1740-91526,1,G7,Camp Verde,WIFL_EXT6_I8,Eben Paxton,USA,AZ,34.5583,-111.84,ext,Breeding,,1996,6,29,
extAZ053,extAZ,1590-97356,1,B6,San Pedro/Gila River confluence,WIFL_EXT2_A3,Eben Paxton,USA,AZ,32.975,-110.77,ext,Breeding,,1997,6,29,
extAZ054,extAZ,1590-97357,1,B7,San Pedro/Gila River confluence,WIFL_EXT2_A4,Eben Paxton,USA,AZ,32.975,-110.77,ext,Breeding,,1997,6,29,
extAZ065,extAZ,1710-20659,1,C4,San Carlos Reservation,WIFL_EXT4_D8,Eben Paxton,USA,AZ,33.1967,-110.44,ext,Breeding,,2000,6,29,
extAZ066,extAZ,1710-20660,1,C5,San Carlos Reservation,WIFL_EXT4_D9,Eben Paxton,USA,AZ,33.1967,-110.44,ext,Breeding,,2000,6,29,
extAZ085,extAZ,1710-20645,9,C8,San Carlos Reservation,WIFL_EXT4_D2,Eben Paxton,USA,AZ,33.1967,-110.4392,ext,Breeding,,2000,6,29,
extAZ086,extAZ,1710-20661,9,C9,San Carlos Reservation,WIFL_EXT4_E1,Eben Paxton,USA,AZ,33.1967,-110.4392,ext,Breeding,,2000,6,29,
adaCO005,adaCO,1590-97455,8,B6,Beaver Creek,WIFL_ADA1_F5,Eben Paxton,USA,CO,37.6836,-108.3781,ada,Breeding,,1997,6,30,
adaUT037,adaUT,1740-51822,3,C1,White River Confluence to the Green River,WIFL_ADA2_C4,Eben Paxton,USA,UT,40.6725,-109.68,ada,Breeding,,2001,6,30,Failed
brwOR019,brwOR,07N1472,2,F4,Ashland,,Robert I. Frey,USA,OR,42.1997,-122.69,brw,Breeding,,2007,6,30,
extAZ025,extAZ,1590-97253,1,D10,Roosevelt Lake,WIFL_EXT1_D3,Eben Paxton,USA,AZ,33.767,-111.24,ext,Breeding,,1997,6,30,
adaCO011,adaCO,1590-97457,8,C8,Clear Creek,WIFL_ADA1_F6,Eben Paxton,USA,CO,37.7917,-108.2356,ada,Breeding,,1997,7,1,
adaCO012,adaCO,1590-97458,8,C9,Clear Creek,WIFL_ADA1_F7,Eben Paxton,USA,CO,37.7917,-108.2356,ada,Breeding,,1997,7,1,
adaCO013,adaCO,1590-97460,8,C10,Clear Creek,WIFL_ADA1_F8,Eben Paxton,USA,CO,37.7917,-108.2356,ada,Breeding,,1997,7,1,
adaUT036,adaUT,1740-91927,9,F4,Uinta River,WIFL_ADA3_A2,Eben Paxton,USA,UT,40.5943,-110.125,ada,Breeding,,1998,7,1,
adaUT038,adaUT,1590-97395,9,E5,Stewart Lake,WIFL_ADA1_B3,Eben Paxton,USA,UT,40.3462,-109.3588,ada,Breeding,,1998,7,1,
adaUT039,adaUT,1740-91925,9,E6,Stewart Lake,WIFL_ADA2_I9,Eben Paxton,USA,UT,40.3462,-109.3588,ada,Breeding,,1998,7,1,
adaUT040,adaUT,1740-91926,9,E7,Stewart Lake,WIFL_ADA3_A1,Eben Paxton,USA,UT,40.3462,-109.3588,ada,Breeding,,1998,7,1,
traMI004,traMI,2750-97753,3,F11,Augusta,"WIFL_MISC_A6, WIFLBLOOD_MISC_D1",Mary Whitfield,USA,MI,42.2969,-85.324,tra,Breeding,,2016,7,1,
traMI005,traMI,2750-97754,3,F12,Augusta,"WIFL_MISC_A7, WIFLBLOOD_MISC_D2",Mary Whitfield,USA,MI,42.2969,-85.324,tra,Breeding,,2016,7,1,
traNY003,traNY,1740-91790,3,E9,Jen Owen's Mom's House,WIFL_PA-TRA1_G9,Eben Paxton,USA,NY,43.375,-73.7,tra,Breeding,,1998,7,1,
adaUT030,adaUT,1590-97396,9,E8,Strawberry River,WIFL_ADA1_B4,Eben Paxton,USA,UT,40.3468,-111.2271,ada,Breeding,,1998,7,2,
adaUT031,adaUT,1590-97397,9,E9,Strawberry River,WIFL_ADA1_B5,Eben Paxton,USA,UT,40.3468,-111.2271,ada,Breeding,,1998,7,2,
adaUT032,adaUT,1590-97398,9,E10,Strawberry River,WIFL_ADA1_B6,Eben Paxton,USA,UT,40.3468,-111.2271,ada,Breeding,,1998,7,2,
adaUT033,adaUT,1740-91928,9,E11,Strawberry River,WIFL_ADA3_A3,Eben Paxton,USA,UT,40.3468,-111.2271,ada,Breeding,,1998,7,2,
adaUT034,adaUT,1740-91929,9,E12,Strawberry River,WIFL_ADA3_A4,Eben Paxton,USA,UT,40.3468,-111.2271,ada,Breeding,,1998,7,2,
extNM007,extNM,1590-97361,9,H7,Zuni/Nutria Diversion Reservoi,WIFL_EXT2_A5,Eben Paxton,USA,NM,35.2354,-108.64,ext,Breeding,,1997,7,2,
extNM008,extNM,1590-97362,9,H8,Zuni/Nutria Diversion Reservoi,WIFL_EXT2_A6,Eben Paxton,USA,NM,35.2354,-108.64,ext,Breeding,,1997,7,2,
extNM009,extNM,1590-97363,9,H9,Zuni/Nutria Diversion Reservoi,WIFL_EXT2_A7,Eben Paxton,USA,NM,35.2354,-108.64,ext,Breeding,,1997,7,2,
extNM010,extNM,1590-97364,9,H10,Zuni/Nutria Diversion Reservoi,WIFL_EXT2_A8,Eben Paxton,USA,NM,35.2354,-108.64,ext,Breeding,,1997,7,2,
extAZ099,extAZ,1740-91738,1,F12,White Mountains,WIFL_EXT7_G8,Eben Paxton,USA,AZ,34,-109,ext,Breeding,,1996,7,3,
extCA024,extCA,2170-11701,2,B7,South Fork Kern River,WIFL_MW1_A1,Mary Whitfield,USA,CA,35.6594,-118.46,ext,Breeding,,2008,7,4,
extCA025,extCA,2170-11702,2,B8,South Fork Kern River,WIFL_MW1_A2,Mary Whitfield,USA,CA,35.6594,-118.46,ext,Breeding,,2008,7,4,
traMI001,traMI,2750-97761,3,F8,Vicksburg,"WIFL_MISC_A8, WIFLBLOOD_MISC_D3",Mary Whitfield,USA,MI,42.1669,-85.518,tra,Breeding,,2016,7,4,
traMI002,traMI,2750-97762,3,F9,Vicksburg,"WIFL_MISC_A9, WIFLBLOOD_MISC_D4",Mary Whitfield,USA,MI,42.1669,-85.518,tra,Breeding,,2016,7,4,
extCA035,extCA,2170-11717,2,C6,South Fork Kern River,WIFL_MW1_B6,Mary Whitfield,USA,CA,35.6594,-118.46,ext,Breeding,,2009,7,5,Failed
extAZ013,extAZ,1740-91532,8,C2,Camp Verde,WIFL_EXT7_A1,Eben Paxton,USA,AZ,34.5583,-111.8417,ext,Breeding,,1996,7,6,
extCA036,extCA,2170-11764,2,C7,South Fork Kern River,WIFL_MW1_E6,Mary Whitfield,USA,CA,35.6594,-118.46,ext,Breeding,,2011,7,6,Failed
extCA038,extCA,2540-83436,2,A7,San Diego,,Barbara Kus,USA,CA,33.2765,-117.37,ext,Breeding,,2010,7,6,
extCA039,extCA,2540-83437,2,A8,San Diego,,Barbara Kus,USA,CA,33.2765,-117.37,ext,Breeding,,2010,7,6,
extCA040,extCA,2540-99997,2,A9,San Diego,,Barbara Kus,USA,CA,33.2765,-117.37,ext,Breeding,,2010,7,6,
extAZ005,extAZ,2140-66628,9,A6,Lower Colorado River,WIFL_EXT8_C4,Eben Paxton,USA,AZ,36.0503,-114.7331,ext,Breeding,,1998,7,8,
extAZ011,extAZ,1590-97368,8,B12,Camp Verde,WIFL_EXT2_A9,Eben Paxton,USA,AZ,34.5583,-111.8417,ext,Breeding,,1997,7,8,
adaCO076,adaCO,1590-97461,9,A11,McIntyre Springs,WIFL_ADA1_F9,Eben Paxton,USA,CO,NA,NA,ada,Breeding,,1997,7,9,
adaUT007,adaUT,1740-91930,9,B2,Provo River Parkway,WIFL_ADA3_A5,Eben Paxton,USA,UT,40.2367,-111.7183,ada,Breeding,,1998,7,9,
adaUT008,adaUT,1740-91931,9,B3,Provo River Parkway,WIFL_ADA3_A6,Eben Paxton,USA,UT,40.2367,-111.7183,ada,Breeding,,1998,7,9,
adaUT009,adaUT,1740-91933,9,B4,Provo River Parkway,WIFL_ADA3_A7,Eben Paxton,USA,UT,40.2367,-111.7183,ada,Breeding,,1998,7,9,
extAZ109,extAZ,1590-97369,9,G5,White Mountains,WIFL_EXT2_B1,Eben Paxton,USA,AZ,34,-109,ext,Breeding,,1997,7,9,
extAZ110,extAZ,1590-97370,9,G6,White Mountains,WIFL_EXT2_B2,Eben Paxton,USA,AZ,34,-109,ext,Breeding,,1997,7,9,
extAZ111,extAZ,1590-97371,9,G7,White Mountains,WIFL_EXT2_B3,Eben Paxton,USA,AZ,34,-109,ext,Breeding,,1997,7,9,
extCA011,extCA,1710-46332,2,D1,Owen's River at Bishop,WIFL_EXT4_G9,Eben Paxton,USA,CA,37.4083,-118.48,ext,Breeding,,1999,7,9,
extCA012,extCA,1710-46333,2,D2,Owen's River at Bishop,WIFL_EXT4_H1,Eben Paxton,USA,CA,37.4083,-118.48,ext,Breeding,,1999,7,9,
extCA014,extCA,1710-46339,2,D4,Owen's River at Bishop,WIFL_EXT4_H3,Eben Paxton,USA,CA,37.4083,-118.48,ext,Breeding,,1999,7,9,
extCA015,extCA,1710-46340,2,D5,Owen's River at Bishop,WIFL_EXT4_H4,Eben Paxton,USA,CA,37.4083,-118.48,ext,Breeding,,1999,7,9,
extCA016,extCA,1710-46341,2,D6,Owen's River at Bishop,WIFL_EXT4_H5,Eben Paxton,USA,CA,37.4083,-118.48,ext,Breeding,,1999,7,9,
extCA017,extCA,1710-46342,2,D7,Owen's River at Bishop,WIFL_EXT4_H6,Eben Paxton,USA,CA,37.4083,-118.48,ext,Breeding,,1999,7,9,
extNM028,extNM,1740-91688,9,F2,Tierra Azul,WIFL_EXT7_F3,Eben Paxton,USA,NM,36.3042,-105.5733,ext,Breeding,,1998,7,9,
adaUT018,adaUT,1590-97399,8,G6,Logan Canyon,WIFL_ADA1_B7,Eben Paxton,USA,UT,41.928,-111.5602,ada,Breeding,,1998,7,10,
adaUT019,adaUT,1740-91934,8,G7,Logan Canyon,WIFL_ADA3_A8,Eben Paxton,USA,UT,41.928,-111.5602,ada,Breeding,,1998,7,10,
adaUT020,adaUT,1740-91935,8,G8,Logan Canyon,WIFL_ADA3_A9,Eben Paxton,USA,UT,41.928,-111.5602,ada,Breeding,,1998,7,10,
adaUT021,adaUT,1740-91936,8,G9,Logan Canyon,WIFL_ADA3_B1,Eben Paxton,USA,UT,41.928,-111.5602,ada,Breeding,,1998,7,10,
adaUT022,adaUT,1740-91938,8,G10,Logan Canyon,WIFL_ADA3_B2,Eben Paxton,USA,UT,41.928,-111.5602,ada,Breeding,,1998,7,10,
extCA013,extCA,1710-46334,2,D3,Owen's River at Bishop,WIFL_EXT4_H2,Eben Paxton,USA,CA,37.4083,-118.48,ext,Breeding,,1999,7,10,
extCA018,extCA,1710-46343,2,D8,Owen's River at Bishop,WIFL_EXT4_H7,Eben Paxton,USA,CA,37.4083,-118.48,ext,Breeding,,1999,7,10,
extNM024,extNM,1740-91692,8,H4,Los Ojos/Parkerview Fish Hatchery,WIFL_EXT7_F7,Eben Paxton,USA,NM,36.7292,-106.5694,ext,Breeding,,1998,7,10,
extNM025,extNM,1740-91693,8,H5,Los Ojos/Parkerview Fish Hatchery,WIFL_EXT7_F8,Eben Paxton,USA,NM,36.7292,-106.5694,ext,Breeding,,1998,7,10,
extNM029,extNM,1740-91691,9,F3,Tierra Azul,WIFL_EXT7_F6,Eben Paxton,USA,NM,36.3042,-105.5733,ext,Breeding,,1998,7,10,
traMI006,traMI,2750-97771,3,G1,Augusta,"WIFL_MISC_B1, WIFLBLOOD_MISC_D5",Mary Whitfield,USA,MI,42.2969,-85.324,tra,Breeding,,2016,7,10,
extAZ115,extAZ,1740-91631,9,G11,White Mountains,WIFL_EXT7_E3,Eben Paxton,USA,AZ,34,-109,ext,Breeding,,1996,7,11,
extCA020,extCA,2290-20008,2,C8,South Fork Kern River,WIFL_MW1_H1,Mary Whitfield,USA,CA,35.6594,-118.46,ext,Breeding,,2004,7,11,Failed
extCA026,extCA,2170-11703,2,B9,South Fork Kern River,WIFL_MW1_A3,Mary Whitfield,USA,CA,35.6594,-118.46,ext,Breeding,,2008,7,11,
extCA027,extCA,2170-11704,2,B10,South Fork Kern River,WIFL_MW1_A4,Mary Whitfield,USA,CA,35.6594,-118.46,ext,Breeding,,2008,7,11,
extCA028,extCA,2170-11705,2,B11,South Fork Kern River,WIFL_MW1_A5,Mary Whitfield,USA,CA,35.6594,-118.46,ext,Breeding,,2008,7,11,
extNM026,extNM,1740-91694,8,H6,Los Ojos/Parkerview Fish Hatchery,WIFL_EXT7_F9,Eben Paxton,USA,NM,36.7292,-106.5694,ext,Breeding,,1998,7,11,
adaCO032,adaCO,1590-97463,9,F5,Vega Reservoir,WIFL_ADA1_G1,Eben Paxton,USA,CO,39.225,-107.8083,ada,Breeding,,1997,7,12,
extNM022,extNM,1710-20404,9,D1,San Marcial,WIFL_EXT2_H7,Eben Paxton,USA,NM,33.5729,-107.03,ext,Breeding,,1998,7,12,
extNM023,extNM,1710-20405,9,D2,San Marcial,WIFL_EXT2_H8,Eben Paxton,USA,NM,33.5729,-107.03,ext,Breeding,,1998,7,12,
adaCO033,adaCO,1590-97464,9,F6,Vega Reservoir,WIFL_ADA1_G2,Eben Paxton,USA,CO,39.225,-107.8083,ada,Breeding,,1997,7,13,
adaUT035,adaUT,1740-51764,3,B12,Fish Creek,WIFL_ADA2_B9,Eben Paxton,USA,UT,39.7751,-111.2,ada,Breeding,,2002,7,13,Failed
adaWY001,adaWY,1710-20503,2,E1,Fall Creek,WIFL_ADA1_I3,Eben Paxton,USA,WY,43.3394,-110.81,ada,Breeding,,1998,7,13,
adaWY002,adaWY,1710-20504,2,E2,Fall Creek,WIFL_ADA1_I4,Eben Paxton,USA,WY,43.3394,-110.81,ada,Breeding,,1998,7,13,
adaWY003,adaWY,1710-20505,2,E3,Fall Creek,WIFL_ADA1_I5,Eben Paxton,USA,WY,43.3394,-110.81,ada,Breeding,,1998,7,13,
brwOR034,brwOR,11N0856,2,G6,Marion Forks,,Ron Taylor,USA,OR,44.3708,-122.02,brw,Breeding,,2011,7,13,
extAZ033,extAZ,1590-97373,1,E6,Roosevelt Lake,WIFL_EXT2_B4,Eben Paxton,USA,AZ,33.767,-111.24,ext,Breeding,,1997,7,14,
extAZ112,extAZ,1710-20632,9,G8,White Mountains,WIFL_EXT4_C1,Eben Paxton,USA,AZ,34,-109,ext,Breeding,,1998,7,14,
extCA009,extCA,1740-91801,2,D11,Owen's River at Bishop,WIFL_EXT7_H3,Eben Paxton,USA,CA,37.4083,-118.48,ext,Breeding,,1998,7,14,
extCA010,extCA,1740-91802,2,D12,Owen's River at Bishop,WIFL_EXT7_H4,Eben Paxton,USA,CA,37.4083,-118.48,ext,Breeding,,1998,7,14,
extCA029,extCA,2170-11707,2,B12,South Fork Kern River,WIFL_MW1_A6,Mary Whitfield,USA,CA,35.6594,-118.46,ext,Breeding,,2008,7,14,
extCA030,extCA,2170-11708,2,C1,South Fork Kern River,WIFL_MW1_A7,Mary Whitfield,USA,CA,35.6594,-118.46,ext,Breeding,,2008,7,14,
brwCA003,brwCA,1710-46313,2,C12,Bigelow Meadows,WIFL_BRW1_G2,Eben Paxton,USA,CA,41.2583,-121.88,brw,Breeding,,1998,7,15,Failed
brwCA004,brwCA,1710-20369,10,H6,Bigelow Meadows,WIFL_BRW1_B6,Eben Paxton,USA,CA,41.2583,-121.88,brw,Breeding,,1998,7,15,
brwCA005,brwCA,1710-20370,10,H7,Bigelow Meadows,WIFL_BRW1_B7,Eben Paxton,USA,CA,41.2583,-121.88,brw,Breeding,,1998,7,15,
brwCA006,brwCA,1710-20371,10,H8,Bigelow Meadows,WIFL_BRW1_B8,Eben Paxton,USA,CA,41.2583,-121.88,brw,Breeding,,1998,7,15,
extAZ100,extAZ,1590-97378,1,F4,White Mountains,WIFL_EXT2_B7,Eben Paxton,USA,AZ,34,-109,ext,Breeding,,1997,7,15,Failed
extCA022,extCA,2290-20028,2,C10,South Fork Kern River,WIFL_MW2_A2,Mary Whitfield,USA,CA,35.6594,-118.46,ext,Breeding,,2005,7,15,Failed
extCA023,extCA,2290-20031,2,C11,South Fork Kern River,WIFL_MW2_A5,Mary Whitfield,USA,CA,35.6594,-118.46,ext,Breeding,,2005,7,15,Failed
adaBC004,adaBC,03N2115,1,A2,Bushriver Road,"WIFL_MISC_B8, WIFLBLOOD_MISC_F2",CTR,CAN,BC,NA,NA,ada,Breeding,,2003,7,16,
brwOR001,brwOR,1590-97275,10,G2,Rogue River/Gold Beach,WIFL_BRW1_A4,Eben Paxton,USA,OR,42.445,-124.38,brw,Breeding,,1999,7,16,
brwOR002,brwOR,1590-97276,10,G3,Rogue River/Gold Beach,WIFL_BRW1_A5,Eben Paxton,USA,OR,42.445,-124.38,brw,Breeding,,1999,7,16,
brwOR003,brwOR,1590-97277,10,G4,Rogue River/Gold Beach,WIFL_BRW1_A6,Eben Paxton,USA,OR,42.445,-124.38,brw,Breeding,,1999,7,16,
brwOR004,brwOR,1710-20522,10,G5,Rogue River/Gold Beach,WIFL_BRW1_C8,Eben Paxton,USA,OR,42.445,-124.38,brw,Breeding,,1999,7,16,
brwOR005,brwOR,1710-20523,10,G6,Rogue River/Gold Beach,WIFL_BRW1_C9,Eben Paxton,USA,OR,42.445,-124.38,brw,Breeding,,1999,7,16,
extAZ104,extAZ,1710-46399,1,F5,White Mountains,WIFL_EXT5_C4,Eben Paxton,USA,AZ,34,-109,ext,Breeding,,1999,7,16,Failed
extAZ105,extAZ,1740-51617,1,F6,White Mountains,WIFL_EXT5_C6,Eben Paxton,USA,AZ,34,-109,ext,Breeding,,2001,7,16,
extAZ106,extAZ,1740-51701,1,F7,White Mountains,WIFL_EXT5_E1,Eben Paxton,USA,AZ,34,-109,ext,Breeding,,2001,7,16,
adaCO046,adaCO,1590-97465,8,A9,Arapahoe National Wildlife Ref,WIFL_ADA1_G3,Eben Paxton,USA,CO,40.6167,-106.2833,ada,Breeding,,1997,7,17,
adaCO047,adaCO,1590-97466,8,A10,Arapahoe National Wildlife Ref,WIFL_ADA1_G4,Eben Paxton,USA,CO,40.6167,-106.2833,ada,Breeding,,1997,7,17,
adaCO048,adaCO,1590-97467,8,A11,Arapahoe National Wildlife Ref,WIFL_ADA1_G5,Eben Paxton,USA,CO,40.6167,-106.2833,ada,Breeding,,1997,7,17,
brwOR017,brwOR,1590-97278,10,G7,Eugene,WIFL_BRW1_A7,Eben Paxton,USA,OR,44.0572,-123.21,brw,Breeding,,1999,7,17,
brwOR018,brwOR,1710-20524,10,G8,Eugene,WIFL_BRW1_D1,Eben Paxton,USA,OR,44.0572,-123.21,brw,Breeding,,1999,7,17,
adaCO049,adaCO,1590-97468,8,A12,Arapahoe National Wildlife Ref,WIFL_ADA1_G6,Eben Paxton,USA,CO,40.6167,-106.2833,ada,Breeding,,1997,7,18,
adaCO050,adaCO,1590-97469,8,B1,Arapahoe National Wildlife Ref,WIFL_ADA1_G7,Eben Paxton,USA,CO,40.6167,-106.2833,ada,Breeding,,1997,7,18,
adaUT023,adaUT,1740-91951,8,F3,Fremont River,WIFL_ADA3_C5,Eben Paxton,USA,UT,38.3077,-111.512,ada,Breeding,,1998,7,18,
adaUT024,adaUT,1740-91952,8,F4,Fremont River,WIFL_ADA3_C6,Eben Paxton,USA,UT,38.3077,-111.512,ada,Breeding,,1998,7,18,
brwOR016,brwOR,1710-20530,2,F2,Priem Road,WIFL_BRW1_D7,Eben Paxton,USA,OR,44.7821,-123.38,brw,Breeding,,1999,7,18,Failed
adaUT017,adaUT,1740-91953,9,A12,Mill Meadow Reservoir,WIFL_ADA3_C7,Eben Paxton,USA,UT,38.4862,-111.574,ada,Breeding,,1998,7,19,
extAZ101,extAZ,1740-91695,1,F9,White Mountains,WIFL_EXT7_G1,Eben Paxton,USA,AZ,34,-109,ext,Breeding,,1998,7,19,
extAZ102,extAZ,1740-91696,1,F10,White Mountains,WIFL_EXT7_G2,Eben Paxton,USA,AZ,34,-109,ext,Breeding,,1998,7,19,
extAZ103,extAZ,1740-91697,1,F11,White Mountains,WIFL_EXT7_G3,Eben Paxton,USA,AZ,34,-109,ext,Breeding,,1998,7,19,
extCA031,extCA,2170-11709,2,C2,South Fork Kern River,WIFL_MW1_A8,Mary Whitfield,USA,CA,35.6594,-118.46,ext,Breeding,,2008,7,19,
extCA032,extCA,2170-11710,2,C3,South Fork Kern River,WIFL_MW1_A9,Mary Whitfield,USA,CA,35.6594,-118.46,ext,Breeding,,2008,7,19,
adaWA001,adaWA,1710-46156,2,E11,Mirror Lake,WIFL_ADA2_A6,Eben Paxton,USA,WA,48.6731,-122.26,ada,Breeding,,1999,7,20,
adaWA002,adaWA,1710-46158,2,E12,Mirror Lake,WIFL_ADA2_A7,Eben Paxton,USA,WA,48.6731,-122.26,ada,Breeding,,1999,7,20,
adaWA003,adaWA,1710-46159,2,F1,Mirror Lake,WIFL_ADA2_A8,Eben Paxton,USA,WA,48.6731,-122.26,ada,Breeding,,1999,7,20,
brwOR012,brwOR,1710-20535,10,G9,Austoria Airport,WIFL_BRW1_E3,Eben Paxton,USA,OR,46.1503,-123.88,brw,Breeding,,1999,7,20,
brwOR013,brwOR,1710-20536,10,G10,Austoria Airport,WIFL_BRW1_E4,Eben Paxton,USA,OR,46.1503,-123.88,brw,Breeding,,1999,7,20,
brwOR014,brwOR,1710-20537,10,G11,Austoria Airport,WIFL_BRW1_E5,Eben Paxton,USA,OR,46.1503,-123.88,brw,Breeding,,1999,7,20,
brwOR015,brwOR,1710-20538,10,G12,Austoria Airport,WIFL_BRW1_E6,Eben Paxton,USA,OR,46.1503,-123.88,brw,Breeding,,1999,7,20,
brwOR024,brwOR,09N23231,2,F8,Marion Forks,,,USA,OR,44.3708,-122.02,brw,Breeding,,2009,7,20,
brwOR025,brwOR,09N23264,2,F9,Marion Forks,,,USA,OR,44.3708,-122.02,brw,Breeding,,2009,7,20,
brwOR027,brwOR,10N15044,2,F11,Marion Forks,,Ron Taylor,USA,OR,44.3708,-122.02,brw,Breeding,,2010,7,20,
brwOR030,brwOR,10N15109,2,G2,Marion Forks,,Ron Taylor,USA,OR,44.3708,-122.02,brw,Breeding,,2010,7,20,
brwOR031,brwOR,10N15111,2,G3,Marion Forks,,Ron Taylor,USA,OR,44.3708,-122.02,brw,Breeding,,2010,7,20,
extAZ108,extAZ,1590-97261,9,G4,White Mountains,WIFL_EXT1_E1,Eben Paxton,USA,AZ,34,-109,ext,Breeding,,1997,7,20,
extCA033,extCA,2170-11711,2,C4,South Fork Kern River,WIFL_MW1_B1,Mary Whitfield,USA,CA,35.6594,-118.46,ext,Breeding,,2008,7,20,Failed
brwOR022,brwOR,08N15593,2,F6,Marion Forks,,"Corissa Crowder, Juan Carlos Valarezo",USA,OR,44.3708,-122.02,brw,Migrant,,2008,7,21,
brwWA001,brwWA,1590-97285,2,E10,Fork clearcut,WIFL_BRW1_B3,Eben Paxton,USA,WA,47.9678,-124.4,brw,Migrant,Possible Breeding,1999,7,21,
extAZ116,extAZ,1740-91698,9,G12,White Mountains,WIFL_EXT7_G4,Eben Paxton,USA,AZ,34,-109,ext,Migrant,,1998,7,21,
brwOR035,brwOR,11N0857,2,G7,Marion Forks,,Ron Taylor,USA,OR,44.3708,-122.02,brw,Migrant,,2011,7,22,
brwWA003,brwWA,1710-46168,10,H2,Carbondale,WIFL_BRW1_F6,Eben Paxton,USA,WA,47.089,-122.05,brw,Migrant,Possible Breeding,1999,7,22,
brwWA004,brwWA,1710-46169,10,H3,Carbondale,WIFL_BRW1_F7,Eben Paxton,USA,WA,47.089,-122.05,brw,Migrant,Possible Breeding,1999,7,22,
brwWA005,brwWA,1710-46171,10,H4,Carbondale,WIFL_BRW1_F9,Eben Paxton,USA,WA,47.089,-122.05,brw,Migrant,Possible Breeding,1999,7,22,
brwWA006,brwWA,1710-46172,10,H5,Carbondale,WIFL_BRW1_G1,Eben Paxton,USA,WA,47.089,-122.05,brw,Migrant,Possible Breeding,1999,7,22,
brwWA007,brwWA,1710-46164,2,E8,Edgwick,WIFL_BRW1_F2,Eben Paxton,USA,WA,47.4689,-121.71,brw,Migrant,Possible Breeding,1999,7,22,Failed
brwWA008,brwWA,1710-46166,10,H1,Edgwick,WIFL_BRW1_F4,Eben Paxton,USA,WA,47.4689,-121.71,brw,Migrant,Possible Breeding,1999,7,22,
extAZ055,extAZ,1590-97381,1,B8,San Pedro/Gila River confluence,WIFL_EXT2_C1,Eben Paxton,USA,AZ,32.975,-110.77,ext,Migrant,Possible Breeding,1997,7,22,
extAZ056,extAZ,1590-97382,1,B9,San Pedro/Gila River confluence,WIFL_EXT2_C2,Eben Paxton,USA,AZ,32.975,-110.77,ext,Migrant,Possible Breeding,1997,7,22,
extAZ057,extAZ,1590-97383,1,B10,San Pedro/Gila River confluence,WIFL_EXT2_C3,Eben Paxton,USA,AZ,32.975,-110.77,ext,Migrant,Possible Breeding,1997,7,22,
extNM001,extNM,1710-46316,9,D3,Shiprock,WIFL_EXT4_G2,Eben Paxton,USA,NM,36.8667,-108.7767,ext,Migrant,,1998,7,24,
extNM002,extNM,1710-46317,9,D4,Shiprock,WIFL_EXT4_G3,Eben Paxton,USA,NM,36.8667,-108.7767,ext,Migrant,,1998,7,24,
adaCO014,adaCO,1740-91638,8,C11,Clear Creek,WIFL_ADA2_D2,Eben Paxton,USA,CO,37.7917,-108.2356,ada,Migrant,,1996,7,25,
adaCO063,adaCO,1740-91748,3,C11,Alamosa National Wildlife Refuge,WIFL_ADA2_E7,Eben Paxton,USA,CO,37.4307,-105.79,ada,Migrant,Possible Breeding,1996,7,25,
adaCO064,adaCO,1740-91749,3,C12,Alamosa National Wildlife Refuge,WIFL_ADA2_E8,Eben Paxton,USA,CO,37.4307,-105.79,ada,Migrant,Possible Breeding,1996,7,25,
adaCO065,adaCO,1740-91750,3,D1,Alamosa National Wildlife Refuge,WIFL_ADA2_E9,Eben Paxton,USA,CO,37.4307,-105.79,ada,Migrant,Possible Breeding,1996,7,25,
adaCO075,adaCO,1740-91746,8,A8,Alamosa National Wildlife Refuge,WIFL_ADA2_E5,Eben Paxton,USA,CO,37.4307,-105.7896,ada,Migrant,,1996,7,25,
adaUT010,adaUT,1590-97470,8,F1,Fish Lake,WIFL_ADA1_G8,Eben Paxton,USA,UT,38.6931,-111.6785,ada,Migrant,,1997,7,25,
adaCO006,adaCO,1740-91640,8,B7,Beaver Creek,WIFL_ADA2_D3,Eben Paxton,USA,CO,37.6836,-108.3781,ada,Migrant,,1996,7,26,
adaUT011,adaUT,1590-97471,8,F2,Fish Lake,WIFL_ADA1_G9,Eben Paxton,USA,UT,38.6931,-111.6785,ada,Migrant,,1997,7,26,
extAZ098,extAZ,1740-91534,1,F8,White Mountains,WIFL_EXT7_A2,Eben Paxton,USA,AZ,34,-109,ext,Migrant,Possible Breeding,1996,7,26,
extCA021,extCA,2290-20017,2,C9,South Fork Kern River,WIFL_MW1_H9,Mary Whitfield,USA,CA,35.6594,-118.46,ext,Migrant,Possible Breeding,2004,7,26,Failed
adaCO024,adaCO,1740-91641,8,E6,Escalante State Wildlife Area,WIFL_ADA2_D4,Eben Paxton,USA,CO,38.7563,-108.1565,ada,Migrant,,1996,7,27,
adaCO025,adaCO,1740-91642,8,E7,Escalante State Wildlife Area,WIFL_ADA2_D5,Eben Paxton,USA,CO,38.7563,-108.1565,ada,Migrant,,1996,7,28,
adaCO026,adaCO,1740-91643,8,E8,Escalante State Wildlife Area,WIFL_ADA2_D6,Eben Paxton,USA,CO,38.7563,-108.1565,ada,Migrant,,1996,7,28,
adaCO027,adaCO,1740-91644,8,E9,Escalante State Wildlife Area,WIFL_ADA2_D7,Eben Paxton,USA,CO,38.7563,-108.1565,ada,Migrant,,1996,7,28,
adaCO028,adaCO,1740-91645,8,E10,Escalante State Wildlife Area,WIFL_ADA2_D8,Eben Paxton,USA,CO,38.7563,-108.1565,ada,Migrant,,1996,7,28,
adaCO036,adaCO,1740-91649,8,C12,Colorado River at Silt,WIFL_ADA2_D9,Eben Paxton,USA,CO,39.5412,-107.6969,ada,Migrant,,1996,7,29,
adaCO037,adaCO,1740-91650,8,D1,Colorado River at Silt,WIFL_ADA2_E1,Eben Paxton,USA,CO,39.5412,-107.6969,ada,Migrant,,1996,7,29,
adaCO039,adaCO,1740-91762,8,F5,Gothic,WIFL_ADA2_F1,Eben Paxton,USA,CO,38.9461,-106.9878,ada,Migrant,,1996,7,29,
adaCO031,adaCO,1740-91673,9,B1,Plateau Creek,WIFL_ADA2_E2,Eben Paxton,USA,CO,39.1884,-108.1274,ada,Migrant,,1996,7,30,
adaCO042,adaCO,1740-91763,8,F12,Homestake Creek,WIFL_ADA2_F2,Eben Paxton,USA,CO,39.4667,-106.3667,ada,Migrant,,1996,7,31,
adaCO043,adaCO,1740-91764,8,G1,Homestake Creek,WIFL_ADA2_F3,Eben Paxton,USA,CO,39.4667,-106.3667,ada,Migrant,,1996,7,31,
adaCO044,adaCO,1740-91765,8,G2,Homestake Creek,WIFL_ADA2_F4,Eben Paxton,USA,CO,39.4667,-106.3667,ada,Migrant,,1996,7,31,
adaCO045,adaCO,1740-91776,8,G3,Homestake Creek,WIFL_ADA2_F5,Eben Paxton,USA,CO,39.4667,-106.3667,ada,Migrant,,1996,7,31,
extAZ006,extAZ,2140-66640,9,A7,Lower Colorado River,WIFL_EXT8_C5,Eben Paxton,USA,AZ,36.0503,-114.7331,ext,Migrant,,1998,8,3,
extUT001,extUT,1740-91954,9,E1,St. George,WIFL_EXT8_B3,Eben Paxton,USA,UT,37.1083,-113.7384,ext,Migrant,,1998,8,5,
extUT002,extUT,1740-91955,9,E2,St. George,WIFL_EXT8_B4,Eben Paxton,USA,UT,37.1083,-113.7384,ext,Migrant,,1998,8,5,
extUT003,extUT,1740-91956,9,E3,St. George,WIFL_EXT8_B5,Eben Paxton,USA,UT,37.1083,-113.7384,ext,Migrant,,1998,8,5,
extUT004,extUT,1740-91957,9,E4,St. George,WIFL_EXT8_B6,Eben Paxton,USA,UT,37.1083,-113.7384,ext,Migrant,,1998,8,5,
extCA046,extCA,2640-87052,2,A3,San Diego,,Barbara Kus,USA,CA,33.2483,-116.79,ext,Migrant,,2010,8,6,
extCA047,extCA,2640-87053,2,A4,San Diego,,Barbara Kus,USA,CA,33.2483,-116.79,ext,Migrant,,2010,8,6,Failed
extAZ026,extAZ,1590-97268,1,D11,Roosevelt Lake,WIFL_EXT1_E5,Eben Paxton,USA,AZ,33.767,-111.24,ext,Migrant,Possible Breeding,1997,8,7,
extCA034,extCA,2170-11713,2,C5,South Fork Kern River,WIFL_MW1_B2,Mary Whitfield,USA,CA,35.6594,-118.46,ext,Migrant,Possible Breeding,2008,8,11,
adaBC005,adaBC,03N2109,1,A1,Bush Creek,"WIFL_MISC_B7, WIFLBLOOD_MISC_F1",CTR,CAN,BC,NA,NA,ada,Unknown,,NA,NA,NA,
adaUT003,adaUT,1740-91909,8,G12,Logan River,WIFL_ADA2_H5,Eben Paxton,USA,UT,41.74,-111.79,ada,Unknown,,NA,NA,NA,
adaUT004,adaUT,1740-91910,8,H1,Logan River,WIFL_ADA2_H6,Eben Paxton,USA,UT,41.74,-111.79,ada,Unknown,,NA,NA,NA,
adaUT005,adaUT,1740-91911,8,H2,Logan River,WIFL_ADA2_H7,Eben Paxton,USA,UT,41.74,-111.79,ada,Unknown,,NA,NA,NA,
adaUT006,adaUT,1740-91912,8,H3,Logan River,WIFL_ADA2_H8,Eben Paxton,USA,UT,41.74,-111.79,ada,Unknown,,NA,NA,NA,
adaUT012,adaUT,1740-91904,8,D4,East Canyon Reservoir,WIFL_ADA2_G9,Eben Paxton,USA,UT,40.908097,-111.592028,ada,Unknown,,NA,NA,NA,
adaUT013,adaUT,1740-91905,8,D5,East Canyon Reservoir,WIFL_ADA2_H1,Eben Paxton,USA,UT,40.908097,-111.592028,ada,Unknown,,NA,NA,NA,
adaUT014,adaUT,1740-91906,8,D6,East Canyon Reservoir,WIFL_ADA2_H2,Eben Paxton,USA,UT,40.908097,-111.592028,ada,Unknown,,NA,NA,NA,
adaUT015,adaUT,1740-91917,8,D7,East Canyon Reservoir,WIFL_ADA2_I4,Eben Paxton,USA,UT,40.908097,-111.592028,ada,Unknown,,NA,NA,NA,
adaUT025,adaUT,1740-91914,8,H9,Lost Creek,WIFL_ADA2_I1,Eben Paxton,USA,UT,41.19,-111.39,ada,Unknown,,NA,NA,NA,
adaUT026,adaUT,1740-91915,8,H10,Lost Creek,WIFL_ADA2_I2,Eben Paxton,USA,UT,41.19,-111.39,ada,Unknown,,NA,NA,NA,
adaUT027,adaUT,1740-91916,9,A1,Lost Creek,WIFL_ADA2_I3,Eben Paxton,USA,UT,41.19,-111.39,ada,Unknown,,NA,NA,NA,
adaUT041,adaUT,1740-91913,8,D2,Desert Ranch,WIFL_ADA2_H9,Eben Paxton,USA,UT,NA,NA,ada,Unknown,,NA,NA,NA,
adaUT042,adaUT,1740-91907,9,D11,Spring Creek WMA,WIFL_ADA2_H3,Eben Paxton,USA,UT,NA,NA,ada,Unknown,,NA,NA,NA,
adaUT043,adaUT,1740-91908,9,D12,Spring Creek WMA,WIFL_ADA2_H4,Eben Paxton,USA,UT,NA,NA,ada,Unknown,,NA,NA,NA,
brwCA001,brwCA,SEIA01,10,H9,Seiad Valley,WIFL_BRW1_G7,Eben Paxton,USA,CA,41.8403,-123.19,brw,Unknown,,NA,NA,NA,
brwCA002,brwCA,SEIA02,10,H10,Seiad Valley,WIFL_BRW1_G8,Eben Paxton,USA,CA,41.8403,-123.19,brw,Unknown,,NA,NA,NA,
brwWA002,brwWA,1590-27284,2,E9,Fork clearcut,WIFL_BRW1_A1,Eben Paxton,USA,WA,47.9678,-124.4,brw,Unknown,,NA,NA,NA,
extAZ004,extAZ,1710-20638,9,A5,Lower Colorado River,WIFL_EXT4_C6,Eben Paxton,USA,AZ,36.0503,-114.7331,ext,Unknown,,NA,NA,NA,
extAZ034,extAZ,1710-20300,1,E7,Roosevelt Lake,WIFL_EXT2_D1,Eben Paxton,USA,AZ,33.767,-111.24,ext,Unknown,Possible Breeding,NA,NA,NA,
extAZ035,extAZ,1710-20302,1,E8,Roosevelt Lake,WIFL_EXT2_D2,Eben Paxton,USA,AZ,33.767,-111.24,ext,Unknown,Possible Breeding,NA,NA,NA,
extAZ036,extAZ,1710-20305,1,E9,Roosevelt Lake,WIFL_EXT2_D3,Eben Paxton,USA,AZ,33.767,-111.24,ext,Unknown,Possible Breeding,NA,NA,NA,
extAZ037,extAZ,1710-20306,1,E10,Roosevelt Lake,WIFL_EXT2_D4,Eben Paxton,USA,AZ,33.767,-111.24,ext,Unknown,Possible Breeding,NA,NA,NA,
extAZ038,extAZ,1710-20316,1,E11,Roosevelt Lake,WIFL_EXT2_D5,Eben Paxton,USA,AZ,33.767,-111.24,ext,Unknown,Possible Breeding,NA,NA,NA,
extAZ039,extAZ,1710-20320,1,E12,Roosevelt Lake,WIFL_EXT2_D6,Eben Paxton,USA,AZ,33.767,-111.24,ext,Unknown,Possible Breeding,NA,NA,NA,
extAZ040,extAZ,1710-20321,1,F1,Roosevelt Lake,WIFL_EXT2_D7,Eben Paxton,USA,AZ,33.767,-111.24,ext,Unknown,Possible Breeding,NA,NA,NA,
extAZ041,extAZ,1710-20323,1,F2,Roosevelt Lake,WIFL_EXT2_D8,Eben Paxton,USA,AZ,33.767,-111.24,ext,Unknown,Possible Breeding,NA,NA,NA,
extAZ042,extAZ,1710-20324,1,F3,Roosevelt Lake,WIFL_EXT2_D9,Eben Paxton,USA,AZ,33.767,-111.24,ext,Unknown,Possible Breeding,NA,NA,NA,
extAZ092,extAZ,1740-51671,8,D10,East Pima site,WIFL_EXT5_D3,Eben Paxton,USA,AZ,32.8283,-109.7047,ext,Unknown,,NA,NA,NA,
extAZ114,extAZ,1740-91535,9,G10,White Mountains,WIFL_EXT7_A3,Eben Paxton,USA,AZ,34,-109,ext,Unknown,,NA,NA,NA,
extCO001,extCO,2350-24201,9,D5,Southern Ute Reservation,WIFL_ADA3_D2,Eben Paxton,USA,CO,37.121417,-107.592353,ext,Unknown,,NA,NA,NA,
extCO002,extCO,2350-24224,9,D6,Southern Ute Reservation,WIFL_ADA3_D3,Eben Paxton,USA,CO,37.121417,-107.592353,ext,Unknown,,NA,NA,NA,
extCO003,extCO,2350-24225,9,D7,Southern Ute Reservation,WIFL_ADA3_D4,Eben Paxton,USA,CO,37.121417,-107.592353,ext,Unknown,,NA,NA,NA,
extCO004,extCO,2350-24226,9,D8,Southern Ute Reservation,WIFL_ADA3_D5,Eben Paxton,USA,CO,37.121417,-107.592353,ext,Unknown,,NA,NA,NA,
extCO005,extCO,2350-24227,9,D9,Southern Ute Reservation,WIFL_ADA3_D7,Eben Paxton,USA,CO,37.121417,-107.592353,ext,Unknown,,NA,NA,NA,
extCO006,extCO,2350-24228,9,D10,Southern Ute Reservation,WIFL_ADA3_D8,Eben Paxton,USA,CO,37.121417,-107.592353,ext,Unknown,,NA,NA,NA,
extNM027,extNM,1740-91687,9,F1,Tierra Azul,WIFL_EXT7_F2,Eben Paxton,USA,NM,36.3042,-105.5733,ext,Unknown,,NA,NA,NA,
traMD001,traMD,2290-24394,3,F2,Lilypons,WIFL_PA-TRA1_H7,Eben Paxton,USA,MD,39.29,-77.43,tra,Unknown,,NA,NA,NA,
traMD002,traMD,2290-24377,3,F4,New Market,WIFL_PA-TRA1_H5,Eben Paxton,USA,MD,39.38,-77.27,tra,Unknown,,NA,NA,NA,
traMD003,traMD,2290-24378,3,F5,New Market,WIFL_PA-TRA1_H6,Eben Paxton,USA,MD,39.38,-77.27,tra,Unknown,,NA,NA,NA,
traMD004,traMD,2290-24400,3,F3,Mount Airy,WIFL_PA-TRA1_I4,Eben Paxton,USA,MD,39.37,-77.15,tra,Unknown,,NA,NA,NA,
traMD005,traMD,2290-24398,3,F6,Piney Run Reservoir,WIFL_PA-TRA1_I2,Eben Paxton,USA,MD,39.4,-76.99,tra,Unknown,,NA,NA,NA,
traMD006,traMD,2290-24399,3,F7,Piney Run Reservoir,WIFL_PA-TRA1_I3,Eben Paxton,USA,MD,39.4,-76.99,tra,Unknown,,NA,NA,NA,
traMD007,traMD,2290-24396,3,E12,Lewisdale 1,WIFL_PA-TRA1_H9,Eben Paxton,USA,MD,38.9737,-76.975,tra,Unknown,,NA,NA,NA,
traMD008,traMD,2290-24397,3,F1,Lewisdale 2,WIFL_PA-TRA1_I1,Eben Paxton,USA,MD,38.9737,-76.975,tra,Unknown,,NA,NA,NA,
traMD009,traMD,2290-24395,3,E11,King's Park,WIFL_PA-TRA1_H8,Eben Paxton,USA,MD,38.95,-76.97,tra,Unknown,,NA,NA,NA,
traMN004,traMN,1740-91781,2,E6,Elm Creek,WIFL_PA-TRA1_G3,Eben Paxton,USA,MN,45.1333,-93.45,tra,Unknown,,NA,NA,NA,