Field_Number,SNP Plate Number,SNP Well Position,Near_Town,Extraction_Location,Collector,Country,State,Lat,Long,Group,Stage,Stage (notes),Year,Month,Day,RAD?
03N2109,1,A1,Bush Creek,"WIFL_MISC_B7, WIFLBLOOD_MISC_F1",CTR,CAN,BC,NA,NA,ada,Breeding,,2003,7,16,
03N2115,1,A2,Bushriver Road,"WIFL_MISC_B8, WIFLBLOOD_MISC_F2",CTR,CAN,BC,NA,NA,ada,Breeding,,2003,7,16,
97N5054,1,A3,Eagle Creek,"WIFL_MISC_B9, WIFLBLOOD_MISC_F3",CTR,CAN,BC,NA,NA,ada,Breeding,,1997,6,29,
97N5025,1,A4,VANCOVER,,,CAN,BC,49.2783,-123.12,ada,Breeding,,1997,6,21,
97N5030,1,A5,CLINTON,,,CAN,BC,51.0923,-121.59,ada,Breeding,,1997,6,25,
1590-97289,1,A6,San Pedro/Gila River confluence,WIFL_EXT1_E6,Eben Paxton,USA,AZ,32.975,-110.77,ext,Breeding,Possible Breeding,2000,6,5,
1590-97290,1,A7,San Pedro/Gila River confluence,WIFL_EXT1_E7,Eben Paxton,USA,AZ,32.975,-110.77,ext,Breeding,Possible Breeding,2000,6,5,
1590-97302,1,A8,San Pedro/Gila River confluence,WIFL_EXT1_F4,Eben Paxton,USA,AZ,32.975,-110.77,ext,Breeding,Possible Breeding,1997,5,8,
1590-97303,1,A9,San Pedro/Gila River confluence,WIFL_EXT1_F5,Eben Paxton,USA,AZ,32.975,-110.77,ext,Breeding,Possible Breeding,1997,5,8,
1590-97306,1,A10,San Pedro/Gila River confluence,WIFL_EXT1_F7,Eben Paxton,USA,AZ,32.975,-110.77,ext,Breeding,Possible Breeding,1997,5,22,
1590-97307,1,A11,San Pedro/Gila River confluence,WIFL_EXT1_F8,Eben Paxton,USA,AZ,32.975,-110.77,ext,Breeding,Possible Breeding,1997,5,22,
1590-97308,1,A12,San Pedro/Gila River confluence,WIFL_EXT1_F9,Eben Paxton,USA,AZ,32.975,-110.77,ext,Breeding,Possible Breeding,1997,5,29,
1590-97310,1,B1,San Pedro/Gila River confluence,WIFL_EXT1_G1,Eben Paxton,USA,AZ,32.975,-110.77,ext,Breeding,Possible Breeding,1997,5,29,
1590-97349,1,B2,San Pedro/Gila River confluence,WIFL_EXT1_I7,Eben Paxton,USA,AZ,32.975,-110.77,ext,Breeding,,1997,6,27,
1590-97350,1,B3,San Pedro/Gila River confluence,WIFL_EXT1_I8,Eben Paxton,USA,AZ,32.975,-110.77,ext,Breeding,,1997,6,27,
1590-97353,1,B4,San Pedro/Gila River confluence,WIFL_EXT2_A1,Eben Paxton,USA,AZ,32.975,-110.77,ext,Breeding,,1997,6,28,
1590-97354,1,B5,San Pedro/Gila River confluence,WIFL_EXT2_A2,Eben Paxton,USA,AZ,32.975,-110.77,ext,Breeding,,1997,6,28,
1590-97356,1,B6,San Pedro/Gila River confluence,WIFL_EXT2_A3,Eben Paxton,USA,AZ,32.975,-110.77,ext,Breeding,,1997,6,29,
1590-97357,1,B7,San Pedro/Gila River confluence,WIFL_EXT2_A4,Eben Paxton,USA,AZ,32.975,-110.77,ext,Breeding,,1997,6,29,
1590-97381,1,B8,San Pedro/Gila River confluence,WIFL_EXT2_C1,Eben Paxton,USA,AZ,32.975,-110.77,ext,Breeding,Possible Breeding,1997,7,22,
1590-97382,1,B9,San Pedro/Gila River confluence,WIFL_EXT2_C2,Eben Paxton,USA,AZ,32.975,-110.77,ext,Breeding,Possible Breeding,1997,7,22,
1590-97383,1,B10,San Pedro/Gila River confluence,WIFL_EXT2_C3,Eben Paxton,USA,AZ,32.975,-110.77,ext,Breeding,Possible Breeding,1997,7,22,
1590-97292,1,B11,San Carlos Reservation,WIFL_EXT1_E9,Eben Paxton,USA,AZ,33.1967,-110.44,ext,Breeding,Possible Breeding,2000,6,10,
1590-97293,1,B12,San Carlos Reservation,WIFL_EXT1_F1,Eben Paxton,USA,AZ,33.1967,-110.44,ext,Breeding,Possible Breeding,2000,6,10,
1590-97294,1,C1,San Carlos Reservation,WIFL_EXT1_F2,Eben Paxton,USA,AZ,33.1967,-110.44,ext,Breeding,Possible Breeding,2000,6,10,
1590-97296,1,C2,San Carlos Reservation,WIFL_EXT1_F3,Eben Paxton,USA,AZ,33.1967,-110.44,ext,Breeding,Possible Breeding,2000,6,10,
1710-20642,1,C3,San Carlos Reservation,WIFL_EXT4_C8,Eben Paxton,USA,AZ,33.1967,-110.44,ext,Breeding,,2000,6,20,
1710-20659,1,C4,San Carlos Reservation,WIFL_EXT4_D8,Eben Paxton,USA,AZ,33.1967,-110.44,ext,Breeding,,2000,6,29,
1710-20660,1,C5,San Carlos Reservation,WIFL_EXT4_D9,Eben Paxton,USA,AZ,33.1967,-110.44,ext,Breeding,,2000,6,29,
1710-46371,1,C6,San Carlos Reservation,WIFL_EXT4_I5,Eben Paxton,USA,AZ,33.1967,-110.44,ext,Breeding,,2000,6,20,
1710-46372,1,C7,San Carlos Reservation,WIFL_EXT4_I6,Eben Paxton,USA,AZ,33.1967,-110.44,ext,Breeding,,2000,6,21,
1710-46373,1,C8,San Carlos Reservation,WIFL_EXT4_I7,Eben Paxton,USA,AZ,33.1967,-110.44,ext,Breeding,,2000,6,21,
1710-46374,1,C9,San Carlos Reservation,WIFL_EXT4_I8,Eben Paxton,USA,AZ,33.1967,-110.44,ext,Breeding,,2000,6,21,
1710-46375,1,C10,San Carlos Reservation,WIFL_EXT5_A1,Eben Paxton,USA,AZ,33.1967,-110.44,ext,Breeding,,2000,6,21,
1710-46376,1,C11,San Carlos Reservation,WIFL_EXT5_A2,Eben Paxton,USA,AZ,33.1967,-110.44,ext,Breeding,,2000,6,21,
1710-46377,1,C12,San Carlos Reservation,WIFL_EXT5_A3,Eben Paxton,USA,AZ,33.1967,-110.44,ext,Breeding,,2000,6,21,
1710-46378,1,D1,San Carlos Reservation,WIFL_EXT5_A4,Eben Paxton,USA,AZ,33.1967,-110.44,ext,Breeding,,2000,6,21,
1710-46379,1,D2,San Carlos Reservation,WIFL_EXT5_A5,Eben Paxton,USA,AZ,33.1967,-110.44,ext,Breeding,,2000,6,20,
1710-46380,1,D3,San Carlos Reservation,WIFL_EXT5_A6,Eben Paxton,USA,AZ,33.1967,-110.44,ext,Breeding,,2000,6,20,
1710-46381,1,D4,San Carlos Reservation,WIFL_EXT5_A7,Eben Paxton,USA,AZ,33.1967,-110.44,ext,Breeding,,2000,6,21,
1710-46382,1,D5,San Carlos Reservation,WIFL_EXT5_A8,Eben Paxton,USA,AZ,33.1967,-110.44,ext,Breeding,,2000,6,21,
1710-46383,1,D6,San Carlos Reservation,WIFL_EXT5_A9,Eben Paxton,USA,AZ,33.1967,-110.44,ext,Breeding,,2000,6,21,
1710-46391,1,D7,San Carlos Reservation,WIFL_EXT5_B5,Eben Paxton,USA,AZ,33.1967,-110.44,ext,Breeding,,2000,6,20,
1710-46392,1,D8,San Carlos Reservation,WIFL_EXT5_B6,Eben Paxton,USA,AZ,33.1967,-110.44,ext,Breeding,,2000,6,20,
1590-97236,1,D9,Roosevelt Lake,WIFL_EXT1_C1,Eben Paxton,USA,AZ,33.767,-111.24,ext,Breeding,Possible Breeding,1997,6,23,
1590-97253,1,D10,Roosevelt Lake,WIFL_EXT1_D3,Eben Paxton,USA,AZ,33.767,-111.24,ext,Breeding,,1997,6,30,
1590-97268,1,D11,Roosevelt Lake,WIFL_EXT1_E5,Eben Paxton,USA,AZ,33.767,-111.24,ext,Breeding,Possible Breeding,1997,8,7,
1590-97304,1,D12,Roosevelt Lake,WIFL_EXT1_F6,Eben Paxton,USA,AZ,33.767,-111.24,ext,Breeding,Possible Breeding,1997,5,14,
1590-97312,1,E1,Roosevelt Lake,WIFL_EXT1_G2,Eben Paxton,USA,AZ,33.767,-111.24,ext,Breeding,Possible Breeding,1997,5,31,
1590-97314,1,E2,Roosevelt Lake,WIFL_EXT1_G3,Eben Paxton,USA,AZ,33.767,-111.24,ext,Breeding,Possible Breeding,1997,6,1,
1590-97319,1,E3,Roosevelt Lake,WIFL_EXT1_G4,Eben Paxton,USA,AZ,33.767,-111.24,ext,Breeding,Possible Breeding,1997,6,2,
1590-97320,1,E4,Roosevelt Lake,WIFL_EXT1_G5,Eben Paxton,USA,AZ,33.767,-111.24,ext,Breeding,Possible Breeding,1997,6,3,
1590-97352,1,E5,Roosevelt Lake,WIFL_EXT1_I9,Eben Paxton,USA,AZ,33.767,-111.24,ext,Breeding,,1997,6,28,
1590-97373,1,E6,Roosevelt Lake,WIFL_EXT2_B4,Eben Paxton,USA,AZ,33.767,-111.24,ext,Breeding,,1997,7,14,
1710-20300,1,E7,Roosevelt Lake,WIFL_EXT2_D1,Eben Paxton,USA,AZ,33.767,-111.24,ext,Breeding,Possible Breeding,1999,7,19,
1710-20302,1,E8,Roosevelt Lake,WIFL_EXT2_D2,Eben Paxton,USA,AZ,33.767,-111.24,ext,Breeding,Possible Breeding,1999,7,14,
1710-20305,1,E9,Roosevelt Lake,WIFL_EXT2_D3,Eben Paxton,USA,AZ,33.767,-111.24,ext,Breeding,Possible Breeding,1999,7,24,
1710-20306,1,E10,Roosevelt Lake,WIFL_EXT2_D4,Eben Paxton,USA,AZ,33.767,-111.24,ext,Breeding,Possible Breeding,1999,7,24,
1710-20316,1,E11,Roosevelt Lake,WIFL_EXT2_D5,Eben Paxton,USA,AZ,33.767,-111.24,ext,Breeding,Possible Breeding,2001,6,12,
1710-20320,1,E12,Roosevelt Lake,WIFL_EXT2_D6,Eben Paxton,USA,AZ,33.767,-111.24,ext,Breeding,Possible Breeding,2001,7,14,
1710-20321,1,F1,Roosevelt Lake,WIFL_EXT2_D7,Eben Paxton,USA,AZ,33.767,-111.24,ext,Breeding,Possible Breeding,2001,7,18,
1710-20323,1,F2,Roosevelt Lake,WIFL_EXT2_D8,Eben Paxton,USA,AZ,33.767,-111.24,ext,Breeding,Possible Breeding,2000,6,24,
1710-20324,1,F3,Roosevelt Lake,WIFL_EXT2_D9,Eben Paxton,USA,AZ,33.767,-111.24,ext,Breeding,Possible Breeding,2000,6,24,
1590-97378,1,F4,White Mountains,WIFL_EXT2_B7,Eben Paxton,USA,AZ,34,-109,ext,Breeding,,1997,7,15,Failed
1710-46399,1,F5,White Mountains,WIFL_EXT5_C4,Eben Paxton,USA,AZ,34,-109,ext,Breeding,,1999,7,16,Failed
1740-51617,1,F6,White Mountains,WIFL_EXT5_C6,Eben Paxton,USA,AZ,34,-109,ext,Breeding,,2001,7,16,
1740-51701,1,F7,White Mountains,WIFL_EXT5_E1,Eben Paxton,USA,AZ,34,-109,ext,Breeding,,2001,7,16,
1740-91534,1,F8,White Mountains,WIFL_EXT7_A2,Eben Paxton,USA,AZ,34,-109,ext,Breeding,Possible Breeding,1996,7,26,
1740-91695,1,F9,White Mountains,WIFL_EXT7_G1,Eben Paxton,USA,AZ,34,-109,ext,Breeding,,1998,7,19,
1740-91696,1,F10,White Mountains,WIFL_EXT7_G2,Eben Paxton,USA,AZ,34,-109,ext,Breeding,,1998,7,19,
1740-91697,1,F11,White Mountains,WIFL_EXT7_G3,Eben Paxton,USA,AZ,34,-109,ext,Breeding,,1998,7,19,
1740-91738,1,F12,White Mountains,WIFL_EXT7_G8,Eben Paxton,USA,AZ,34,-109,ext,Breeding,,1996,7,3,
1590-97233,1,G1,Camp Verde,WIFL_EXT1_B7,Eben Paxton,USA,AZ,34.5583,-111.84,ext,Breeding,,1997,6,23,
1590-97235,1,G2,Camp Verde,WIFL_EXT1_B9,Eben Paxton,USA,AZ,34.5583,-111.84,ext,Breeding,,1997,6,23,
1590-97322,1,G3,Camp Verde,WIFL_EXT1_G6,Eben Paxton,USA,AZ,34.5583,-111.84,ext,Breeding,Possible Breeding,1997,6,5,
1590-97324,1,G4,Camp Verde,WIFL_EXT1_G8,Eben Paxton,USA,AZ,34.5583,-111.84,ext,Breeding,Possible Breeding,1997,6,5,
1740-91501,1,G5,Camp Verde,WIFL_EXT6_H7,Eben Paxton,USA,AZ,34.5583,-111.84,ext,Breeding,Possible Breeding,1996,5,28,
1740-91504,1,G6,Camp Verde,WIFL_EXT6_H8,Eben Paxton,USA,AZ,34.5583,-111.84,ext,Breeding,Possible Breeding,1996,5,28,
1740-91526,1,G7,Camp Verde,WIFL_EXT6_I8,Eben Paxton,USA,AZ,34.5583,-111.84,ext,Breeding,,1996,6,29,
1740-91685,1,G8,Camp Verde,WIFL_EXT7_F1,Eben Paxton,USA,AZ,34.5583,-111.84,ext,Breeding,,1998,6,28,
2290-24257,1,G9,Camp Verde,WIFL_EXT8_D2,Eben Paxton,USA,AZ,34.5583,-111.84,ext,Breeding,Possible Breeding,1997,6,5,
03N5133,1,G10,Cibola,,MATTHEW VOISINE,USA,AZ,33.3658,-114.68,NA,Migrant,,2003,9,9,
03N5134,1,G11,Cibola,,MATTHEW VOISINE,USA,AZ,33.3658,-114.68,NA,Migrant,,2003,9,10,
03N5135,1,G12,Cibola,,MATTHEW VOISINE,USA,AZ,33.3658,-114.68,NA,Migrant,,2003,9,12,
03N5136,1,H1,Cibola,,MATTHEW VOISINE,USA,AZ,33.3658,-114.68,NA,Migrant,,2003,9,12,
03N5139,1,H2,Cibola,,MATTHEW VOISINE,USA,AZ,33.3658,-114.68,NA,Migrant,,2003,8,28,
03N5140,1,H3,Cibola,,MATTHEW VOISINE,USA,AZ,33.3658,-114.68,NA,Migrant,,2003,8,28,
03N5141,1,H4,Cibola,,MATTHEW VOISINE,USA,AZ,33.3658,-114.68,NA,Migrant,,2003,8,28,
03N5142,1,H5,Cibola,,MATTHEW VOISINE,USA,AZ,33.3658,-114.68,NA,Migrant,,2003,6,12,
03N5143,1,H6,Cibola,,MATTHEW VOISINE,USA,AZ,33.3658,-114.68,NA,Migrant,,2003,6,3,
04N7334,1,H7,Cibola,,BARBARA RAULSTON - USBR,USA,AZ,33.3658,-114.68,NA,Migrant,,2004,5,25,
04N7335,1,H8,Cibola,,BARBARA RAULSTON - USBR,USA,AZ,33.3658,-114.68,NA,Migrant,,2004,6,8,
04N7336,1,H9,Cibola,,BARBARA RAULSTON - USBR,USA,AZ,33.3658,-114.68,NA,Migrant,,2004,6,8,
04N7337,1,H10,Cibola,,BARBARA RAULSTON - USBR,USA,AZ,33.3658,-114.68,NA,Migrant,,2004,6,8,
2640-78801,2,A1,San Diego,,Barbara Kus,USA,CA,33.2483,-116.79,ext,Breeding,,2010,6,18,Failed
2640-79003,2,A2,San Diego,,Barbara Kus,USA,CA,33.2483,-116.79,ext,Breeding,,2010,6,18,Failed
2640-87052,2,A3,San Diego,,Barbara Kus,USA,CA,33.2483,-116.79,ext,Breeding,,2010,8,6,
2640-87053,2,A4,San Diego,,Barbara Kus,USA,CA,33.2483,-116.79,ext,Breeding,,2010,8,6,Failed
2450-87057,2,A5,San Diego,,Barbara Kus,USA,CA,33.2765,-117.37,ext,Breeding,,2011,6,5,Failed
2540-83432,2,A6,San Diego,,Barbara Kus,USA,CA,33.2765,-117.37,ext,Breeding,,2010,6,25,
2540-83436,2,A7,San Diego,,Barbara Kus,USA,CA,33.2765,-117.37,ext,Breeding,,2010,7,6,
2540-83437,2,A8,San Diego,,Barbara Kus,USA,CA,33.2765,-117.37,ext,Breeding,,2010,7,6,
2540-99997,2,A9,San Diego,,Barbara Kus,USA,CA,33.2765,-117.37,ext,Breeding,,2010,7,6,
2580-61407,2,A10,San Diego,,Barbara Kus,USA,CA,33.2765,-117.37,ext,Breeding,,2010,6,18,Failed
2580-61408,2,A11,San Diego,,Barbara Kus,USA,CA,33.2765,-117.37,ext,Breeding,,2010,6,18,
1590-97329,2,A12,Santa Ynez River,WIFL_EXT1_H1,Eben Paxton,USA,CA,34.6167,-120.18,ext,Breeding,Possible Breeding,1997,6,10,
1590-97330,2,B1,Santa Ynez River,WIFL_EXT1_H2,Eben Paxton,USA,CA,34.6167,-120.18,ext,Breeding,Possible Breeding,1997,6,12,
1590-97331,2,B2,Santa Ynez River,WIFL_EXT1_H3,Eben Paxton,USA,CA,34.6167,-120.18,ext,Breeding,Possible Breeding,1997,6,12,
1590-97333,2,B3,Santa Ynez River,WIFL_EXT1_H4,Eben Paxton,USA,CA,34.6167,-120.18,ext,Breeding,Possible Breeding,1997,6,12,
1590-97334,2,B4,Santa Ynez River,WIFL_EXT1_H5,Eben Paxton,USA,CA,34.6167,-120.18,ext,Breeding,Possible Breeding,1997,6,14,
1590-97335,2,B5,Santa Ynez River,WIFL_EXT1_H6,Eben Paxton,USA,CA,34.6167,-120.18,ext,Breeding,Possible Breeding,1997,6,14,
1890-22763,2,B6,South Fork Kern River,WIFL_MW2_H7,Mary Whitfield,USA,CA,35.6594,-118.46,ext,Breeding,Possible Breeding,2004,5,27,
2170-11701,2,B7,South Fork Kern River,WIFL_MW1_A1,Mary Whitfield,USA,CA,35.6594,-118.46,ext,Breeding,,2008,7,4,
2170-11702,2,B8,South Fork Kern River,WIFL_MW1_A2,Mary Whitfield,USA,CA,35.6594,-118.46,ext,Breeding,,2008,7,4,
2170-11703,2,B9,South Fork Kern River,WIFL_MW1_A3,Mary Whitfield,USA,CA,35.6594,-118.46,ext,Breeding,,2008,7,11,
2170-11704,2,B10,South Fork Kern River,WIFL_MW1_A4,Mary Whitfield,USA,CA,35.6594,-118.46,ext,Breeding,,2008,7,11,
2170-11705,2,B11,South Fork Kern River,WIFL_MW1_A5,Mary Whitfield,USA,CA,35.6594,-118.46,ext,Breeding,,2008,7,11,
2170-11707,2,B12,South Fork Kern River,WIFL_MW1_A6,Mary Whitfield,USA,CA,35.6594,-118.46,ext,Breeding,,2008,7,14,
2170-11708,2,C1,South Fork Kern River,WIFL_MW1_A7,Mary Whitfield,USA,CA,35.6594,-118.46,ext,Breeding,,2008,7,14,
2170-11709,2,C2,South Fork Kern River,WIFL_MW1_A8,Mary Whitfield,USA,CA,35.6594,-118.46,ext,Breeding,,2008,7,19,
2170-11710,2,C3,South Fork Kern River,WIFL_MW1_A9,Mary Whitfield,USA,CA,35.6594,-118.46,ext,Breeding,,2008,7,19,
2170-11711,2,C4,South Fork Kern River,WIFL_MW1_B1,Mary Whitfield,USA,CA,35.6594,-118.46,ext,Breeding,,2008,7,20,Failed
2170-11713,2,C5,South Fork Kern River,WIFL_MW1_B2,Mary Whitfield,USA,CA,35.6594,-118.46,ext,Breeding,Possible Breeding,2008,8,11,
2170-11717,2,C6,South Fork Kern River,WIFL_MW1_B6,Mary Whitfield,USA,CA,35.6594,-118.46,ext,Breeding,,2009,7,5,Failed
2170-11764,2,C7,South Fork Kern River,WIFL_MW1_E6,Mary Whitfield,USA,CA,35.6594,-118.46,ext,Breeding,,2011,7,6,Failed
2290-20008,2,C8,South Fork Kern River,WIFL_MW1_H1,Mary Whitfield,USA,CA,35.6594,-118.46,ext,Breeding,,2004,7,11,Failed
2290-20017,2,C9,South Fork Kern River,WIFL_MW1_H9,Mary Whitfield,USA,CA,35.6594,-118.46,ext,Breeding,Possible Breeding,2004,7,26,Failed
2290-20028,2,C10,South Fork Kern River,WIFL_MW2_A2,Mary Whitfield,USA,CA,35.6594,-118.46,ext,Breeding,,2005,7,15,Failed
2290-20031,2,C11,South Fork Kern River,WIFL_MW2_A5,Mary Whitfield,USA,CA,35.6594,-118.46,ext,Breeding,,2005,7,15,Failed
1710-46313,2,C12,Bigelow Meadows,WIFL_BRW1_G2,Eben Paxton,USA,CA,41.2583,-121.88,brw,Breeding,,1998,7,15,Failed
1710-46332,2,D1,Owen's River at Bishop,WIFL_EXT4_G9,Eben Paxton,USA,CA,37.4083,-118.48,ext,Breeding,,1999,7,9,
1710-46333,2,D2,Owen's River at Bishop,WIFL_EXT4_H1,Eben Paxton,USA,CA,37.4083,-118.48,ext,Breeding,,1999,7,9,
1710-46334,2,D3,Owen's River at Bishop,WIFL_EXT4_H2,Eben Paxton,USA,CA,37.4083,-118.48,ext,Breeding,,1999,7,10,
1710-46339,2,D4,Owen's River at Bishop,WIFL_EXT4_H3,Eben Paxton,USA,CA,37.4083,-118.48,ext,Breeding,,1999,7,9,
1710-46340,2,D5,Owen's River at Bishop,WIFL_EXT4_H4,Eben Paxton,USA,CA,37.4083,-118.48,ext,Breeding,,1999,7,9,
1710-46341,2,D6,Owen's River at Bishop,WIFL_EXT4_H5,Eben Paxton,USA,CA,37.4083,-118.48,ext,Breeding,,1999,7,9,
1710-46342,2,D7,Owen's River at Bishop,WIFL_EXT4_H6,Eben Paxton,USA,CA,37.4083,-118.48,ext,Breeding,,1999,7,9,
1710-46343,2,D8,Owen's River at Bishop,WIFL_EXT4_H7,Eben Paxton,USA,CA,37.4083,-118.48,ext,Breeding,,1999,7,10,
1740-91689,2,D9,Owen's River at Bishop,WIFL_EXT7_F4,Eben Paxton,USA,CA,37.4083,-118.48,ext,Breeding,,1998,6,24,
1740-91690,2,D10,Owen's River at Bishop,WIFL_EXT7_F5,Eben Paxton,USA,CA,37.4083,-118.48,ext,Breeding,,1998,6,24,
1740-91801,2,D11,Owen's River at Bishop,WIFL_EXT7_H3,Eben Paxton,USA,CA,37.4083,-118.48,ext,Breeding,,1998,7,14,
1740-91802,2,D12,Owen's River at Bishop,WIFL_EXT7_H4,Eben Paxton,USA,CA,37.4083,-118.48,ext,Breeding,,1998,7,14,
1710-20503,2,E1,Fall Creek,WIFL_ADA1_I3,Eben Paxton,USA,WY,43.3394,-110.81,ada,Breeding,,1998,7,13,
1710-20504,2,E2,Fall Creek,WIFL_ADA1_I4,Eben Paxton,USA,WY,43.3394,-110.81,ada,Breeding,,1998,7,13,
1710-20505,2,E3,Fall Creek,WIFL_ADA1_I5,Eben Paxton,USA,WY,43.3394,-110.81,ada,Breeding,,1998,7,13,
1740-91779,2,E4,Elm Creek,"WIFL_ADA2_F6, WIFL_PA-TRA1_G1",Eben Paxton,USA,MN,45.1333,-93.45,tra,Breeding,,1998,6,23,
1740-91780,2,E5,Elm Creek,"WIFL_ADA2_F7, WIFL_PA-TRA1_G2",Eben Paxton,USA,MN,45.1333,-93.45,tra,Breeding,,1998,6,24,Failed
1740-91781,2,E6,Elm Creek,WIFL_PA-TRA1_G3,Eben Paxton,USA,MN,45.1333,-93.45,tra,Breeding,,1998,6,24,
1740-91783,2,E7,Elm Creek,WIFL_PA-TRA1_G4,Eben Paxton,USA,MN,45.1333,-93.45,tra,Breeding,,1998,6,25,Failed
1710-46164,2,E8,Edgwick,WIFL_BRW1_F2,Eben Paxton,USA,WA,47.4689,-121.71,brw,Breeding,Possible Breeding,1999,7,22,Failed
1590-27284,2,E9,Fork clearcut,WIFL_BRW1_A1,Eben Paxton,USA,WA,47.9678,-124.4,brw,Breeding,,NA,NA,NA,
1590-97285,2,E10,Fork clearcut,WIFL_BRW1_B3,Eben Paxton,USA,WA,47.9678,-124.4,brw,Breeding,Possible Breeding,1999,7,21,
1710-46156,2,E11,Mirror Lake,WIFL_ADA2_A6,Eben Paxton,USA,WA,48.6731,-122.26,ada,Breeding,,1999,7,20,
1710-46158,2,E12,Mirror Lake,WIFL_ADA2_A7,Eben Paxton,USA,WA,48.6731,-122.26,ada,Breeding,,1999,7,20,
1710-46159,2,F1,Mirror Lake,WIFL_ADA2_A8,Eben Paxton,USA,WA,48.6731,-122.26,ada,Breeding,,1999,7,20,
1710-20530,2,F2,Priem Road,WIFL_BRW1_D7,Eben Paxton,USA,OR,44.7821,-123.38,brw,Breeding,,1999,7,18,Failed
07N2015,2,F3,Ashland,,,USA,OR,41.63,-122.1,brw,Breeding,,2007,6,12,
07N1472,2,F4,Ashland,,Robert I. Frey,USA,OR,42.1997,-122.69,brw,Breeding,,2007,6,30,
07N2010,2,F5,Ashland,,,USA,OR,42.1997,-122.69,brw,Breeding,,2007,6,11,
08N15593,2,F6,Marion Forks,,"Corissa Crowder, Juan Carlos Valarezo",USA,OR,44.3708,-122.02,brw,Breeding,,2008,7,21,
09N17478,2,F7,Marion Forks,,"Herman Arias, Steve Ploetz",USA,OR,44.3708,-122.02,brw,Breeding,,2009,6,22,
09N23231,2,F8,Marion Forks,,,USA,OR,44.3708,-122.02,brw,Breeding,,2009,7,20,
09N23264,2,F9,Marion Forks,,,USA,OR,44.3708,-122.02,brw,Breeding,,2009,7,20,
10N15036,2,F10,Marion Forks,,Ron Taylor,USA,OR,44.3708,-122.02,brw,Breeding,,2010,6,22,
10N15044,2,F11,Marion Forks,,Ron Taylor,USA,OR,44.3708,-122.02,brw,Breeding,,2010,7,20,
10N15076,2,F12,Marion Forks,,Ron Taylor,USA,OR,44.3708,-122.02,brw,Breeding,,2010,6,22,
10N15080,2,G1,Marion Forks,,Ron Taylor,USA,OR,44.3708,-122.02,brw,Breeding,,2010,6,22,
10N15109,2,G2,Marion Forks,,Ron Taylor,USA,OR,44.3708,-122.02,brw,Breeding,,2010,7,20,
10N15111,2,G3,Marion Forks,,Ron Taylor,USA,OR,44.3708,-122.02,brw,Breeding,,2010,7,20,
10N15156,2,G4,Marion Forks,,Ron Taylor,USA,OR,44.3708,-122.02,brw,Breeding,,2011,6,15,
11N0853,2,G5,Marion Forks,,Ron Taylor,USA,OR,44.3708,-122.02,brw,Breeding,,2011,6,15,
11N0856,2,G6,Marion Forks,,Ron Taylor,USA,OR,44.3708,-122.02,brw,Breeding,,2011,7,13,
11N0857,2,G7,Marion Forks,,Ron Taylor,USA,OR,44.3708,-122.02,brw,Breeding,,2011,7,22,
06N34176,2,G8,Kelly,,Doug Wachob,USA,WY,43.6722,-110.6,NA,Migrant,,2006,8,2,
06N8451,2,G9,Kelly,,Doug Wachob,USA,WY,43.6722,-110.6,NA,Migrant,,2006,8,2,
10N10565,2,G10,Silverton,,Dan Froelich,USA,WA,48.0508,-121.43,NA,Migrant,,2010,8,7,
06N31862,2,G11,Silverton,,Victor Sepulveda,USA,WA,48.1681,-121.45,NA,Migrant,,2006,8,2,
06N31870,2,G12,Silverton,,Victor Sepulveda,USA,WA,48.1681,-121.45,NA,Migrant,,2006,8,2,
06N21751,2,H1,Merlin,,John Alexander/Bob Frey,USA,OR,42.4903,-123.48,NA,Migrant,,2006,8,6,
06N21759,2,H2,Merlin,,John Alexander/Bob Frey,USA,OR,42.4903,-123.48,NA,Migrant,,2006,8,14,
06N21765,2,H3,Merlin,,John Alexander/Bob Frey,USA,OR,42.4903,-123.48,NA,Migrant,,2006,8,14,
06N2435,2,H4,Merlin,,IBP MAPS,USA,OR,42.4903,-123.48,NA,Migrant,,2006,8,14,
06N2436,2,H5,Merlin,,IBP MAPS,USA,OR,42.4903,-123.48,NA,Migrant,,2006,8,14,
06N2437,2,H6,Merlin,,IBP MAPS,USA,OR,42.4903,-123.48,NA,Migrant,,2006,8,14,
06N3121,2,H7,Merlin,,IBP MAPS,USA,OR,42.4903,-123.48,NA,Migrant,,2006,9,25,
06N3460,2,H8,Merlin,,IBP MAPS,USA,OR,42.4903,-123.48,NA,Migrant,,2006,8,21,
06N3494,2,H9,Merlin,,IBP MAPS,USA,OR,42.4903,-123.48,NA,Migrant,,2006,8,21,
06N3495,2,H10,Merlin,,IBP MAPS,USA,OR,42.4903,-123.48,NA,Migrant,,2006,8,21,
06N5430,3,A1,Lewiston,,John C. Ralph,USA,CA,40.7208,-122.8,NA,Migrant,,2006,9,8,
06N5672,3,A2,Lewiston,,John C. Ralph,USA,CA,40.7208,-122.8,NA,Migrant,,2006,8,23,
06N5676,3,A3,Lewiston,,John C. Ralph,USA,CA,40.7208,-122.8,NA,Migrant,,2006,8,23,
06N5677,3,A4,Lewiston,,John C. Ralph,USA,CA,40.7208,-122.8,NA,Migrant,,2006,8,23,
06N5686,3,A5,Lewiston,,John C. Ralph,USA,CA,40.7208,-122.8,NA,Migrant,,2006,8,23,
06N5687,3,A6,Lewiston,,John C. Ralph,USA,CA,40.7208,-122.8,NA,Migrant,,2006,8,23,
06N5692,3,A7,Lewiston,,John C. Ralph,USA,CA,40.7208,-122.8,NA,Migrant,,2006,8,23,
06N5695,3,A8,Lewiston,,John C. Ralph,USA,CA,40.7208,-122.8,NA,Migrant,,2006,8,23,
06N5697,3,A9,Lewiston,,John C. Ralph,USA,CA,40.7208,-122.8,NA,Migrant,,2006,8,23,
06N5757,3,A10,Lewiston,,John C. Ralph,USA,CA,40.7208,-122.8,NA,Migrant,,2006,9,13,
06N5760,3,A11,Lewiston,,John C. Ralph,USA,CA,40.7208,-122.8,NA,Migrant,,2006,9,13,
06N5396,3,A12,Merced,,John C. Ralph,USA,CA,37.08,-121.02,NA,Migrant,,2006,9,9,
07N27779,3,B1,Santa Nella,,Lara Sparks,USA,CA,37.08,-121.02,NA,Migrant,,2007,8,10,
07N27782,3,B2,Santa Nella,,Lara Sparks,USA,CA,37.08,-121.02,NA,Migrant,,2007,8,10,
07N27791,3,B3,Santa Nella,,Lara Sparks,USA,CA,37.08,-121.02,NA,Migrant,,2007,8,10,
08N18189,3,B4,Santa Nella,,Lara Sparks,USA,CA,37.08,-121.02,NA,Migrant,,2008,6,9,
08N18193,3,B5,Santa Nella,,Lara Sparks,USA,CA,37.08,-121.02,NA,Migrant,,2008,6,9,
1590-97336,3,B6,Pahranagat Lake NWR,WIFL_EXT1_H7,Eben Paxton,USA,NV,37.3167,-115.13,ext,Breeding,,1997,6,15,
1590-97337,3,B7,Pahranagat Lake NWR,WIFL_EXT1_H8,Eben Paxton,USA,NV,37.3167,-115.13,ext,Breeding,,1997,6,15,
1590-97338,3,B8,Pahranagat Lake NWR,WIFL_EXT1_H9,Eben Paxton,USA,NV,37.3167,-115.13,ext,Breeding,,1997,6,16,
1590-97339,3,B9,Pahranagat Lake NWR,WIFL_EXT1_I1,Eben Paxton,USA,NV,37.3167,-115.13,ext,Breeding,,1997,6,16,
1590-97340,3,B10,Pahranagat Lake NWR,WIFL_EXT1_I2,Eben Paxton,USA,NV,37.3167,-115.13,ext,Breeding,,1997,6,16,
1590-97341,3,B11,Pahranagat Lake NWR,WIFL_EXT1_I3,Eben Paxton,USA,NV,37.3167,-115.13,ext,Breeding,,1997,6,16,
1740-51764,3,B12,Fish Creek,WIFL_ADA2_B9,Eben Paxton,USA,UT,39.7751,-111.2,ada,Breeding,,2002,7,13,Failed
1740-51822,3,C1,White River Confluence to the Green River,WIFL_ADA2_C4,Eben Paxton,USA,UT,40.6725,-109.68,ada,Breeding,,2001,6,30,Failed
1710-20644,3,C2,West Fort Ditch,WIFL_EXT4_D1,Eben Paxton,USA,NM,33.0386,-108.54,ext,Breeding,,2000,6,28,
1710-46366,3,C3,West Fort Ditch,WIFL_EXT4_H9,Eben Paxton,USA,NM,33.0386,-108.54,ext,Breeding,,2000,6,28,
1710-46367,3,C4,West Fort Ditch,WIFL_EXT4_I1,Eben Paxton,USA,NM,33.0386,-108.54,ext,Breeding,,2000,6,28,
08N30865,3,C5,Albuquerque,,Steve Cox,USA,NM,35.0125,-106.46,NA,Migrant,,2008,8,30,
08N30878,3,C6,Albuquerque,,Steve Cox,USA,NM,35.0125,-106.46,NA,Migrant,,2008,9,6,
09N0489,3,C7,Albuquerque,,,USA,NM,35.0125,-106.46,NA,Migrant,,2009,8,16,
09N0490,3,C8,Albuquerque,,,USA,NM,35.0125,-106.46,NA,Migrant,,2009,8,16,
1590-97436,3,C9,Alamosa National Wildlife Refuge,WIFL_ADA1_E1,Eben Paxton,USA,CO,37.4307,-105.79,ada,Breeding,,1997,6,24,
1710-20640,3,C10,Alamosa National Wildlife Refuge,WIFL_ADA2_A5,Eben Paxton,USA,CO,37.4307,-105.79,ada,Breeding,,1998,6,23,
1740-91748,3,C11,Alamosa National Wildlife Refuge,WIFL_ADA2_E7,Eben Paxton,USA,CO,37.4307,-105.79,ada,Breeding,Possible Breeding,1996,7,25,
1740-91749,3,C12,Alamosa National Wildlife Refuge,WIFL_ADA2_E8,Eben Paxton,USA,CO,37.4307,-105.79,ada,Breeding,Possible Breeding,1996,7,25,
1740-91750,3,D1,Alamosa National Wildlife Refuge,WIFL_ADA2_E9,Eben Paxton,USA,CO,37.4307,-105.79,ada,Breeding,Possible Breeding,1996,7,25,
2720-46106,3,D2,Fort Morgan,,Frank Moore,USA,AL,30.2508,-87.905,NA,Migrant,,2014,9,10,
2720-46149,3,D3,Fort Morgan,,Frank Moore,USA,AL,30.2508,-87.905,NA,Migrant,,2014,9,18,
2720-46150,3,D4,Fort Morgan,,Frank Moore,USA,AL,30.2508,-87.905,NA,Migrant,,2014,9,18,
2720-46181,3,D5,Fort Morgan,,Frank Moore,USA,AL,30.2508,-87.905,NA,Migrant,,2014,9,22,
2720-46219,3,D6,Fort Morgan,,Frank Moore,USA,AL,30.2508,-87.905,NA,Migrant,,2014,9,24,
2720-46230,3,D7,Fort Morgan,,Frank Moore,USA,AL,30.2508,-87.905,NA,Migrant,,2014,9,29,
2720-47993,3,D8,Fort Morgan,,Frank Moore,USA,AL,30.2508,-87.905,NA,Migrant,,2014,9,8,
1740-51612,3,D9,Mountain City,WIFL_PA-TRA1_D9,Eben Paxton,USA,TN,36.3942,-81.852,tra,Breeding,,2000,6,19,
1740-51613,3,D10,Mountain City,WIFL_PA-TRA1_E1,Eben Paxton,USA,TN,36.3942,-81.852,tra,Breeding,,2000,6,19,
1740-51615,3,D11,Mountain City,WIFL_PA-TRA1_E2,Eben Paxton,USA,TN,36.3942,-81.852,tra,Breeding,,2000,6,19,
1740-51616,3,D12,Mountain City,WIFL_PA-TRA1_E3,Eben Paxton,USA,TN,36.3942,-81.852,tra,Breeding,,2000,6,19,
1740-51601,3,E1,Cross Creek,WIFL_PA-TRA1_D2,Eben Paxton,USA,TN,36.5,-87.787,tra,Breeding,,2000,6,16,
1740-51604,3,E2,Cross Creek,WIFL_PA-TRA1_D3,Eben Paxton,USA,TN,36.5,-87.787,tra,Breeding,,2000,6,16,
1740-51605,3,E3,Cross Creek,WIFL_PA-TRA1_D4,Eben Paxton,USA,TN,36.5,-87.787,tra,Breeding,,2000,6,16,
1740-51606,3,E4,Cross Creek,WIFL_PA-TRA1_D5,Eben Paxton,USA,TN,36.5,-87.787,tra,Breeding,,2000,6,16,
08N11134,3,E5,Big Piney,,Elly Knight,USA,MO,37.705,-92.117,NA,Migrant,,2008,5,24,
08N11120,3,E6,Devils Elbow,,Elly Knight,USA,MO,37.7425,-92.043,NA,Migrant,,2008,5,24,
1740-91785,3,E7,Black Creek SWMA,WIFL_PA-TRA1_G5,Eben Paxton,USA,NY,42.65,-73.933,tra,Breeding,,1998,6,28,Failed
1740-91786,3,E8,Black Creek SWMA,WIFL_PA-TRA1_G6,Eben Paxton,USA,NY,42.65,-73.933,tra,Breeding,,1998,6,28,Failed
1740-91790,3,E9,Jen Owen's Mom's House,WIFL_PA-TRA1_G9,Eben Paxton,USA,NY,43.375,-73.7,tra,Breeding,,1998,7,1,
09N0867,3,E10,Center Harbor,,John Merrill,USA,NH,43.6917,-71.475,NA,Migrant,,2009,9,8,
2290-24395,3,E11,King's Park,WIFL_PA-TRA1_H8,Eben Paxton,USA,MD,38.95,-76.97,tra,Breeding,,2004,7,2,
2290-24396,3,E12,Lewisdale 1,WIFL_PA-TRA1_H9,Eben Paxton,USA,MD,38.9737,-76.975,tra,Breeding,,2004,7,2,
2290-24397,3,F1,Lewisdale 2,WIFL_PA-TRA1_I1,Eben Paxton,USA,MD,38.9737,-76.975,tra,Breeding,,2004,7,2,
2290-24394,3,F2,Lilypons,WIFL_PA-TRA1_H7,Eben Paxton,USA,MD,39.29,-77.43,tra,Breeding,,2004,7,1,
2290-24400,3,F3,Mount Airy,WIFL_PA-TRA1_I4,Eben Paxton,USA,MD,39.37,-77.15,tra,Breeding,,2004,7,2,
2290-24377,3,F4,New Market,WIFL_PA-TRA1_H5,Eben Paxton,USA,MD,39.38,-77.27,tra,Breeding,,2004,7,2,
2290-24378,3,F5,New Market,WIFL_PA-TRA1_H6,Eben Paxton,USA,MD,39.38,-77.27,tra,Breeding,,2004,7,2,
2290-24398,3,F6,Piney Run Reservoir,WIFL_PA-TRA1_I2,Eben Paxton,USA,MD,39.4,-76.99,tra,Breeding,,2004,7,2,
2290-24399,3,F7,Piney Run Reservoir,WIFL_PA-TRA1_I3,Eben Paxton,USA,MD,39.4,-76.99,tra,Breeding,,2004,7,2,
2750-97761,3,F8,Vicksburg,"WIFL_MISC_A8, WIFLBLOOD_MISC_D3",Mary Whitfield,USA,MI,42.1669,-85.518,tra,Breeding,,2016,7,4,
2750-97762,3,F9,Vicksburg,"WIFL_MISC_A9, WIFLBLOOD_MISC_D4",Mary Whitfield,USA,MI,42.1669,-85.518,tra,Breeding,,2016,7,4,
2710-37143,3,F10,Augusta,WIFL_MISC_A2,Mary Whitfield,USA,MI,42.2969,-85.324,tra,Breeding,,2016,6,2,
2750-97753,3,F11,Augusta,"WIFL_MISC_A6, WIFLBLOOD_MISC_D1",Mary Whitfield,USA,MI,42.2969,-85.324,tra,Breeding,,2016,7,1,
2750-97754,3,F12,Augusta,"WIFL_MISC_A7, WIFLBLOOD_MISC_D2",Mary Whitfield,USA,MI,42.2969,-85.324,tra,Breeding,,2016,7,1,
2750-97771,3,G1,Augusta,"WIFL_MISC_B1, WIFLBLOOD_MISC_D5",Mary Whitfield,USA,MI,42.2969,-85.324,tra,Breeding,,2016,7,10,
2750-98990,3,G2,Augusta,"WIFL_MISC_B2, WIFLBLOOD_MISC_D6",Mary Whitfield,USA,MI,42.2969,-85.324,tra,Breeding,,2016,6,2,
2750-98995,3,G3,Augusta,"WIFL_MISC_B3, WIFLBLOOD_MISC_D7",Mary Whitfield,USA,MI,42.2969,-85.324,tra,Breeding,,2016,6,2,
2750-98997,3,G4,Augusta,"WIFL_MISC_B4, WIFLBLOOD_MISC_D8",Mary Whitfield,USA,MI,42.2969,-85.324,tra,Breeding,,2016,6,2,
2750-99269,3,G5,Augusta,"WIFL_MISC_B5, WIFLBLOOD_MISC_D9",Mary Whitfield,USA,MI,42.2969,-85.324,tra,Breeding,,2016,6,13,
2750-99292,3,G6,Augusta,"WIFL_MISC_B6, WIFLBLOOD_MISC_E1",Mary Whitfield,USA,MI,42.2969,-85.324,tra,Breeding,,2016,6,13,
16N0244,3,G7,Augusta,,,USA,MI,42.2969,-85.303,NA,Migrant,,2016,6,6,
07N2592,3,G8,"Lily Pool, Lincoln Park, Chicago",,,USA,IL,41.925,-87.634,NA,Migrant,,2007,5,8,
07N2607,3,G9,"Lily Pool, Lincoln Park, Chicago",,,USA,IL,41.925,-87.634,NA,Migrant,,2007,5,15,
07N2617,3,G10,"Lily Pool, Lincoln Park, Chicago",,,USA,IL,41.925,-87.634,NA,Migrant,,2007,5,24,
09N0127,3,G11,"Lily Pool, Lincoln Park, Chicago",,,USA,IL,41.925,-87.634,NA,Migrant,,2009,5,28,
09N0128,3,G12,"Lily Pool, Lincoln Park, Chicago",,,USA,IL,41.925,-87.634,NA,Migrant,,2009,5,28,
09N0129,3,H1,"Lily Pool, Lincoln Park, Chicago",,,USA,IL,41.925,-87.634,NA,Migrant,,2009,5,28,
1740-51660,3,H2,Little White River Rec. Area,WIFL_PA-TRA1_F3,Eben Paxton,USA,SD,43.1667,-101.53,tra,Breeding,,2000,6,19,
1740-51662,3,H3,Little White River Rec. Area,WIFL_PA-TRA1_F4,Eben Paxton,USA,SD,43.1667,-101.53,tra,Breeding,,2000,6,19,
1740-51651,3,H4,Arrowwood NWR,WIFL_PA-TRA1_E4,Eben Paxton,USA,ND,47.2125,-98.842,tra,Breeding,,2000,6,17,
1740-51653,3,H5,Arrowwood NWR,WIFL_PA-TRA1_E5,Eben Paxton,USA,ND,47.2125,-98.842,tra,Breeding,,2000,6,17,
1740-51654,3,H6,Arrowwood NWR,WIFL_PA-TRA1_E6,Eben Paxton,USA,ND,47.2125,-98.842,tra,Breeding,,2000,6,17,
06N25048,3,H7,Stevensville,,Deborah Goslin,USA,MT,46.5811,-114.06,NA,Migrant,,2006,8,3,
06N30149,3,H8,Stevensville,,Deborah Goslin,USA,MT,46.5811,-114.06,NA,Migrant,,2006,8,10,
07N30569,3,H9,Stevensville,,Deborah Goslin,USA,MT,46.5811,-114.06,NA,Migrant,,2007,8,9,
1590-97499,3,H10,Hamon Memorial,WIFL_ADA1_H8,Eben Paxton,USA,MT,45.95,-114.13,ada,Breeding,,1998,6,20,Failed
2240-94316,4,A1,"Lag. Pampa el Cabildo, Chis",WIFL_MX1_F1,Eben Paxton,MX,MX,14.7226,-92.42,NA,Wintering,,2003,2,13,
2240-94317,4,A2,"Lag. Pampa el Cabildo, Chis",WIFL_MX1_F2,Eben Paxton,MX,MX,14.7226,-92.42,NA,Wintering,,2003,2,14,
2240-94337,4,A3,"Lag. Pampa el Cabildo, Chis",WIFL_MX1_G5,Eben Paxton,MX,MX,14.7226,-92.42,NA,Wintering,,2003,2,14,
2240-94339,4,A4,"Lag. Pampa el Cabildo, Chis",WIFL_MX1_G7,Eben Paxton,MX,MX,14.7226,-92.42,NA,Wintering,,2003,2,13,
2240-94340,4,A5,"Lag. Pampa el Cabildo, Chis",WIFL_MX1_G8,Eben Paxton,MX,MX,14.7226,-92.42,NA,Wintering,,2003,2,13,
2240-94341,4,A6,"Lag. Pampa el Cabildo, Chis",WIFL_MX1_G9,Eben Paxton,MX,MX,14.7226,-92.42,NA,Wintering,,2003,2,14,
2240-94374,4,A7,"Lag. Pampa el Cabildo, Chis",WIFL_MX1_I1,Eben Paxton,MX,MX,14.7226,-92.42,NA,Wintering,,2004,2,28,
2240-94338,4,A8,"San Isidro, Chis",WIFL_MX1_G6,Eben Paxton,MX,MX,15.7034,-93.381,NA,Wintering,,2003,2,17,
2240-94351,4,A9,"Rio Copalita, Oax",WIFL_MX1_H5,Eben Paxton,MX,MX,15.7925,-96.05,NA,Wintering,,2003,2,25,
2240-94352,4,A10,"Rio Copalita, Oax",WIFL_MX1_H6,Eben Paxton,MX,MX,15.7925,-96.05,NA,Wintering,,2003,2,25,
2330-99710,4,A11,"Rio Copalita, Oax",WIFL_MX2_A9,Eben Paxton,MX,MX,15.7925,-96.05,NA,Wintering,,2004,2,22,
2330-99711,4,A12,"Rio Copalita, Oax",WIFL_MX2_B1,Eben Paxton,MX,MX,15.7925,-96.05,NA,Wintering,,2004,2,23,
2240-94371,4,B1,"R?_o Copalita,Oax",WIFL_MX1_H8,Mary Whitfield,MX,MX,15.7928,-96.049,NA,Wintering,,2004,2,22,
2240-94372,4,B2,"R?_o Copalita,Oax",WIFL_MX1_H9,Mary Whitfield,MX,MX,15.7928,-96.049,NA,Wintering,,2004,2,23,
2330-99720,4,B3,"R?_o Copalita,Oax",WIFL_MX2_B5,Mary Whitfield,MX,MX,15.7928,-96.049,NA,Wintering,,2004,2,23,
2240-94301,4,B4,"Puerto Escodido, Oax",WIFL_MX1_D7,Eben Paxton,MX,MX,15.8084,-97.002,NA,Wintering,,2003,2,11,
2240-94302,4,B5,"La Barra, Chis",WIFL_MX1_D8,Eben Paxton,MX,MX,15.8895,-93.71,NA,Wintering,,2003,2,12,
2240-94303,4,B6,"La Barra, Chis",WIFL_MX1_D9,Eben Paxton,MX,MX,15.8895,-93.71,NA,Wintering,,2003,2,12,
04N7338,4,B7,Cibola,,BARBARA RAULSTON - USBR,USA,AZ,33.3658,-114.68,NA,Migrant,,2004,6,8,
04N7339,4,B8,Cibola,,BARBARA RAULSTON - USBR,USA,AZ,33.3658,-114.68,NA,Migrant,,2004,6,8,
04N7340,4,B9,Cibola,,BARBARA RAULSTON - USBR,USA,AZ,33.3658,-114.68,NA,Migrant,,2004,6,8,
04N7341,4,B10,Cibola,,BARBARA RAULSTON - USBR,USA,AZ,33.3658,-114.68,NA,Migrant,,2004,6,8,
05N6706,4,B11,Cibola,,MATHEW VOISINE,USA,AZ,33.3658,-114.68,NA,Migrant,,2005,8,3,
05N6707,4,B12,Cibola,,MATHEW VOISINE,USA,AZ,33.3658,-114.68,NA,Migrant,,2005,6,15,
05N6708,4,C1,Cibola,,MATHEW VOISINE,USA,AZ,33.3658,-114.68,NA,Migrant,,2005,6,1,
05N6916,4,C2,Cibola,,MATHEW VOISINE,USA,AZ,33.3658,-114.68,NA,Migrant,,2005,9,1,
07N13289,4,C3,Cibola,,,USA,AZ,33.3658,-114.68,NA,Migrant,,2007,8,20,
07N13577,4,C4,Cibola,,,USA,AZ,33.3658,-114.68,NA,Migrant,,2007,8,4,
07N13578,4,C5,Cibola,,,USA,AZ,33.3658,-114.68,NA,Migrant,,2007,8,4,
07N13579,4,C6,Cibola,,,USA,AZ,33.3658,-114.68,NA,Migrant,,2007,8,4,
07N13580,4,C7,Cibola,,,USA,AZ,33.3658,-114.68,NA,Migrant,,2007,8,11,
07N13584,4,C8,Cibola,,,USA,AZ,33.3658,-114.68,NA,Migrant,,2007,9,22,
07N13585,4,C9,Cibola,,,USA,AZ,33.3658,-114.68,NA,Migrant,,2007,9,22,
07N14851,4,C10,Cibola,,,USA,AZ,33.3658,-114.68,NA,Migrant,,2008,9,13,
07N14852,4,C11,Cibola,,,USA,AZ,33.3658,-114.68,NA,Migrant,,2008,9,15,
2440-58691,4,C12,Cibola,,Frank Moore,USA,CA,33.5,-114.98,NA,Migrant,,2008,5,8,
2440-58733,4,D1,Cibola,,Frank Moore,USA,CA,33.5,-114.98,NA,Migrant,,2008,5,13,
2440-58735,4,D2,Cibola,,Frank Moore,USA,CA,33.5,-114.98,NA,Migrant,,2008,5,13,
2440-58740,4,D3,Cibola,,Frank Moore,USA,CA,33.5,-114.98,NA,Migrant,,2008,5,15,
2440-58748,4,D4,Cibola,,Frank Moore,USA,CA,33.5,-114.98,NA,Migrant,,2008,5,19,
2540-24109,4,D5,Cibola,,Frank Moore,USA,CA,33.5,-114.98,NA,Migrant,,2009,5,8,
2540-24110,4,D6,Cibola,,Frank Moore,USA,CA,33.5,-114.98,NA,Migrant,,2009,5,9,
2540-24111,4,D7,Cibola,,Frank Moore,USA,CA,33.5,-114.98,NA,Migrant,,2009,5,9,
2540-24120,4,D8,Cibola,,Frank Moore,USA,CA,33.5,-114.98,NA,Migrant,,2009,5,13,
2540-24125,4,D9,Cibola,,Frank Moore,USA,CA,33.5,-114.98,NA,Migrant,,2009,5,14,
2540-24131,4,D10,Cibola,,Frank Moore,USA,CA,33.5,-114.98,NA,Migrant,,2009,5,14,
06N5391,4,D11,Junction City,,John C. Ralph,USA,CA,40.6575,-122.96,NA,Migrant,,2006,9,7,
06N5392,4,D12,Junction City,,John C. Ralph,USA,CA,40.6575,-122.96,NA,Migrant,,2006,9,7,
06N5431,4,E1,Junction City,,John C. Ralph,USA,CA,40.7453,-123.07,NA,Migrant,,2006,8,22,
06N5666,4,E10,Junction City,,John C. Ralph,USA,CA,40.7453,-123.07,NA,Migrant,,2006,9,11,
06N5766,4,E11,Junction City,,John C. Ralph,USA,CA,40.6933,-122.86,NA,Migrant,,2006,9,14,
06N5767,4,E12,Junction City,,John C. Ralph,USA,CA,40.6933,-122.86,NA,Migrant,,2006,9,14,
06N5432,4,E2,Junction City,,John C. Ralph,USA,CA,40.7453,-123.07,NA,Migrant,,2006,8,22,
06N5433,4,E3,Junction City,,John C. Ralph,USA,CA,40.7453,-123.07,NA,Migrant,,2006,8,22,
06N5525,4,E4,Junction City,,John C. Ralph,USA,CA,40.6933,-122.86,NA,Migrant,,2006,10,7,
06N5526,4,E5,Junction City,,John C. Ralph,USA,CA,40.6933,-122.86,NA,Migrant,,2006,10,7,
06N5527,4,E6,Junction City,,John C. Ralph,USA,CA,40.6933,-122.86,NA,Migrant,,2006,10,7,
06N5528,4,E7,Junction City,,John C. Ralph,USA,CA,40.6933,-122.86,NA,Migrant,,2006,10,7,
06N5663,4,E8,Junction City,,John C. Ralph,USA,CA,40.7453,-123.07,NA,Migrant,,2006,9,11,
06N5665,4,E9,Junction City,,John C. Ralph,USA,CA,40.7453,-123.07,NA,Migrant,,2006,9,11,
06N5666,4,E10,Junction City,,John C. Ralph,USA,CA,40.7453,-123.07,NA,Migrant,,2006,9,11,
06N5766,4,E11,Junction City,,John C. Ralph,USA,CA,40.6933,-122.86,NA,Migrant,,2006,9,14,
06N5767,4,E12,Junction City,,John C. Ralph,USA,CA,40.6933,-122.86,NA,Migrant,,2006,9,14,
06N5776,4,F1,Junction City,,John C. Ralph,USA,CA,40.6933,-122.86,NA,Migrant,,2006,9,14,
07N33923,4,F2,Junction City,,C. J. Ralph,USA,CA,40.6575,-122.96,NA,Migrant,,2007,8,23,
07N33945,4,F3,Junction City,,C. J. Ralph,USA,CA,40.7453,-123.07,NA,Migrant,,2007,9,14,
07N33946,4,F4,Junction City,,C. J. Ralph,USA,CA,40.7453,-123.07,NA,Migrant,,2007,9,14,
06N3496,4,F5,Merlin,,IBP MAPS,USA,OR,42.4903,-123.48,NA,Migrant,,2006,8,21,
06N3497,4,F6,Merlin,,IBP MAPS,USA,OR,42.4903,-123.48,NA,Migrant,,2006,8,21,
06N3498,4,F7,Merlin,,IBP MAPS,USA,OR,42.4903,-123.48,NA,Migrant,,2006,8,21,
06N3499,4,F8,Merlin,,IBP MAPS,USA,OR,42.4903,-123.48,NA,Migrant,,2006,8,21,
07N1636,4,F9,Merlin,,Robert I. Frey,USA,OR,42.4903,-123.48,NA,Migrant,,2007,8,11,
07N1700,4,F10,Merlin,,Robert I. Frey,USA,OR,42.4903,-123.48,NA,Migrant,,2007,9,4,
07N1727,4,F11,Merlin,,Robert I. Frey,USA,OR,42.4903,-123.48,NA,Migrant,,2007,9,4,
07N35724,4,F12,Merlin,,John Alexander/Bob Frey,USA,OR,42.4903,-123.48,NA,Migrant,,2007,9,17,
08N30511,4,G1,Merlin,,Robert Frey,USA,OR,42.4903,-123.48,NA,Migrant,,2008,8,22,
08N30513,4,G2,Merlin,,Robert Frey,USA,OR,42.4903,-123.48,NA,Migrant,,2008,8,22,
08N30531,4,G3,Merlin,,Robert Frey,USA,OR,42.4903,-123.48,NA,Migrant,,2008,8,22,
08N30532,4,G4,Merlin,,Robert Frey,USA,OR,42.4903,-123.48,NA,Migrant,,2008,8,22,
08N30539,4,G5,Merlin,,Robert Frey,USA,OR,42.4903,-123.48,NA,Migrant,,2008,8,22,
08N30541,4,G6,Merlin,,Robert Frey,USA,OR,42.4903,-123.48,NA,Migrant,,2008,8,22,
08N30542,4,G7,Merlin,,Robert Frey,USA,OR,42.4903,-123.48,NA,Migrant,,2008,8,22,
08N30600,4,G8,Merlin,,Robert Frey,USA,OR,42.4903,-123.48,NA,Migrant,,2008,9,3,
12N2128,4,G9,Merlin,,Robert Frey,USA,OR,42.4903,-123.48,NA,Migrant,,2012,8,21,
12N2129,4,G10,Merlin,,Robert Frey,USA,OR,42.4903,-123.48,NA,Migrant,,2012,8,21,
12N2130,4,G11,Merlin,,Robert Frey,USA,OR,42.4903,-123.48,NA,Migrant,,2012,8,21,
14N1631,4,G12,Merlin,,Robert Frey,USA,OR,42.4903,-123.48,NA,Migrant,,2014,8,24,
14N1638,4,H1,Merlin,,Robert Frey,USA,OR,42.4903,-123.48,NA,Migrant,,2014,9,5,
07N23321,4,H2,Killeen,,Charles Pekins,USA,TX,31.1539,-97.666,NA,Migrant,,2007,5,31,
07N23503,4,H3,Zephyr,,Jared Laing,USA,TX,31.6183,-98.894,NA,Migrant,,2007,5,23,
09N11500,4,H4,Fairview,,Sandra Polcyn,USA,TX,33.1517,-96.6,NA,Migrant,,2009,9,9,
09N11507,4,H5,Fairview,,Sandra Polcyn,USA,TX,33.1517,-96.6,NA,Migrant,,2009,9,9,
09N11512,4,H6,Fairview,,Sandra Polcyn,USA,TX,33.1517,-96.6,NA,Migrant,,2009,9,9,
09N11516,4,H7,Fairview,,Sandra Polcyn,USA,TX,33.1517,-96.6,NA,Migrant,,2009,9,9,
12N1921,4,H8,Fairview,,Judy Woods,USA,TX,33.1517,-96.6,NA,Migrant,,2012,8,29,
12N1922,4,H9,Fairview,,Judy Woods,USA,TX,33.1517,-96.6,NA,Migrant,,2012,8,29,
13N0828,4,H10,Fairview,,Judy Woods,USA,TX,33.1517,-96.6,NA,Migrant,,2013,9,11,
2240-94304,5,A1,"La Barra, Chis",WIFL_MX1_E1,Eben Paxton,MX,MX,15.8895,-93.71,NA,Wintering,,2003,2,12,
2240-94315,5,A2,"La Barra, Chis",WIFL_MX1_E9,Eben Paxton,MX,MX,15.8895,-93.71,NA,Wintering,,2003,2,12,
2240-94349,5,A3,"La Barra, Chis",WIFL_MX1_H3,Eben Paxton,MX,MX,15.8895,-93.71,NA,Wintering,,2003,2,23,
2240-94350,5,A4,"La Barra, Chis",WIFL_MX1_H4,Eben Paxton,MX,MX,15.8895,-93.71,NA,Wintering,,2003,2,23,
2240-94378,5,A5,"La Barra, Chis",WIFL_MX1_I5,Eben Paxton,MX,MX,15.8895,-93.71,NA,Wintering,,2004,3,7,
96N2148,5,A6,La Garzona,,,MX,OAX,16.64,-96.656,NA,Wintering,,1996,12,20,
96N2171,5,A7,La Garzona,,,MX,OAX,16.64,-96.656,NA,Wintering,,1996,12,21,
96N2189,5,A8,La Garzona,,,MX,OAX,16.64,-96.656,NA,Wintering,,1996,12,19,
96N2205,5,A9,La Garzona,,,MX,OAX,16.64,-96.656,NA,Wintering,,1996,12,20,
2240-94343,5,A10,"Santa Rita, Oax",WIFL_MW4_H3,Eben Paxton,MX,MX,16.3003,-94.505,NA,Wintering,,2003,2,18,
2150-26598,5,A11,"Cuanjinicuilapa, Gro",WIFL_MX1_C7,Mary Whitfield,MX,MX,16.4704,-98.413,NA,Wintering,,2003,2,8,
2150-26599,5,A12,"Cuanjinicuilapa, Gro",WIFL_MX1_C8,Mary Whitfield,MX,MX,16.4704,-98.413,NA,Wintering,,2003,2,8,
2330-99718,5,B1,"Cuanjinicuilapa, Gro",WIFL_MX2_B3,Mary Whitfield,MX,MX,16.4704,-98.413,NA,Wintering,,2004,2,20,
2150-26600,5,B2,"Rio Chila, Oax",WIFL_MX1_C9,Eben Paxton,MX,MX,16.4999,-98.409,NA,Wintering,,2003,2,10,
2150-26597,5,B3,"Cuanjinicuilapa, Gro",WIFL_MX1_C6,Eben Paxton,MX,MX,16.5,-98.408,NA,Wintering,,2003,2,8,
2240-94305,5,B4,"Cuanjinicuilapa, Gro",WIFL_MX1_E2,Eben Paxton,MX,MX,16.5,-98.408,NA,Wintering,,2003,2,9,
2240-94348,5,B5,"Cuanjinicuilapa, Gro",WIFL_MX1_H2,Eben Paxton,MX,MX,16.5,-98.408,NA,Wintering,,2004,2,21,
2240-94375,5,B6,"Marquelia, Gro",WIFL_MX1_I2,Mary Whitfield,MX,MX,16.5825,-98.826,NA,Wintering,,2004,3,4,
2240-94376,5,B7,"Marquelia, Gro",WIFL_MX1_I3,Mary Whitfield,MX,MX,16.5825,-98.826,NA,Wintering,,2004,3,4,
2240-94353,5,B8,"Marquelia, Gro",WIFL_MX1_H7,Eben Paxton,MX,MX,16.5835,-98.826,NA,Wintering,,2003,2,26,
2230-99721,5,B9,"La Barra Vieja,Gro",WIFL_MX1_D2,Mary Whitfield,MX,MX,16.7208,-99.6,NA,Wintering,,2004,3,7,
2230-99722,5,B10,"La Barra Vieja,Gro",WIFL_MX1_D3,Mary Whitfield,MX,MX,16.7208,-99.6,NA,Wintering,,2004,3,7,
2240-94377,5,B11,"La Barra Vieja,Gro",WIFL_MX1_I4,Mary Whitfield,MX,MX,16.7208,-99.6,NA,Wintering,,2004,3,6,
2240-94379,5,B12,"La Barra Vieja,Gro",WIFL_MX1_I6,Mary Whitfield,MX,MX,16.7208,-99.6,NA,Wintering,,2004,3,7,
2240-94380,5,C1,"La Barra Vieja,Gro",WIFL_MX1_I7,Mary Whitfield,MX,MX,16.7208,-99.6,NA,Wintering,,2004,3,7,
2240-94320,5,C2,L. de Piterro (near Tecpan),WIFL_MX1_F4,Eben Paxton,MX,MX,17.175,-100.61,NA,Wintering,,2002,2,13,
2240-94321,5,C3,L. de Piterro (near Tecpan),WIFL_MX1_F5,Eben Paxton,MX,MX,17.175,-100.61,NA,Wintering,,2002,2,13,
2240-94306,5,C4,"Ixtapa, P. Linda, Gro",WIFL_MX1_E3,Eben Paxton,MX,MX,17.69,-101.64,NA,Wintering,,2002,2,19,
2240-94308,5,C5,"Ixtapa, P. Linda, Gro",WIFL_MX1_E5,Eben Paxton,MX,MX,17.69,-101.64,NA,Wintering,,2002,2,18,
2240-94318,5,C6,"Ixtapa, P. Linda, Gro",WIFL_MX1_F3,Eben Paxton,MX,MX,17.69,-101.64,NA,Wintering,,2002,2,18,
2240-94322,5,C7,"East Habillal, P Azul, Mich",WIFL_MX1_F6,Eben Paxton,MX,MX,18.0177,-102.37,NA,Wintering,,2002,2,11,
2240-94323,5,C8,"East Habillal, P Azul, Mich",WIFL_MX1_F7,Eben Paxton,MX,MX,18.0177,-102.37,NA,Wintering,,2002,2,11,
2240-94324,5,C9,"Manzanillo Airport Marshes, Jal",WIFL_MX1_F8,Eben Paxton,MX,MX,19.1562,-104.56,NA,Wintering,,2002,2,6,
2240-94325,5,C10,"Manzanillo Airport Marshes, Jal",WIFL_MX1_F9,Eben Paxton,MX,MX,19.1562,-104.56,NA,Wintering,,2002,2,6,
2150-26564,5,C11,"Manzanillo Airport Marshes, Jal",WIFL_MX1_A6,Mary Whitfield,MX,MX,19.1616,-104.56,NA,Wintering,,2002,2,7,
2240-94326,5,C12,"Rio Aguacate, Jalisco",WIFL_MX1_G1,Eben Paxton,MX,MX,19.22,-104.64,NA,Wintering,,2002,2,5,
2240-04327,5,D1,"Lag. ? near R. Cuixmala, Jal",WIFL_MX1_D4,Mary Whitfield,MX,MX,19.3976,-104.97,NA,Wintering,,2002,2,4,
2240-04328,5,D2,"Rio Cuixmala, Jalisco",WIFL_MX1_D5,Mary Whitfield,MX,MX,19.3976,-104.97,NA,Wintering,,2002,2,3,
2240-94329,5,D3,San Blas - Crocodila,WIFL_MX1_G3,Eben Paxton,MX,MX,21.5257,-105.22,NA,Wintering,,2002,2,1,
2240-94330,5,D4,San Blas - Crocodila,WIFL_MX1_G4,Eben Paxton,MX,MX,21.5257,-105.22,NA,Wintering,,2002,2,1,
2240-94313,5,D5,"San Blas - Crocodila, Nay","WIFL_MX1_E6, E7",Eben Paxton,MX,MX,21.5277,-105.22,NA,Wintering,,2002,2,1,
2240-94381,5,D6,"NW San Blas, Nayarit",WIFL_MX1_I8,Mary Whitfield,MX,MX,22.3951,-105.55,NA,Wintering,,2006,3,3,
2240-94387,5,D7,"NW San Blas, Nayarit",WIFL_MX2_A2,Mary Whitfield,MX,MX,22.3951,-105.55,NA,Wintering,,2006,3,3,
2240-94388,5,D8,"NW San Blas, Nayarit",WIFL_MX2_A3,Mary Whitfield,MX,MX,22.3951,-105.55,NA,Wintering,,2006,3,3,
2240-94391,5,D9,"NW San Blas, Nayarit",WIFL_MX2_A4,Mary Whitfield,MX,MX,22.3951,-105.55,NA,Wintering,,2006,3,3,
2240-94392,5,D10,"SE San Blas, Nayarit",WIFL_MX2_A5,Mary Whitfield,MX,MX,22.3951,-105.55,NA,Wintering,,2006,2,28,
2330-94329,5,D11,"San Blas, Cocodrilario Rd",WIFL_MX2_A7,Mary Whitfield,MX,MX,22.3951,-105.55,NA,Wintering,,2004,12,20,
2330-99124,5,D12,"San Blas, Cocodrilario Rd",WIFL_MX2_A8,Mary Whitfield,MX,MX,22.3951,-105.55,NA,Wintering,,2004,12,18,
2330-99723,5,E1,"San Blas, Cocodrilario Rd",WIFL_MX2_B8,Mary Whitfield,MX,MX,22.3951,-105.55,NA,Wintering,,2004,12,15,
2330-99725,5,E2,"Quimichi, Novillero, Nayarit","WIFL_MX2_B9, C1",Mary Whitfield,MX,MX,22.3951,-105.55,NA,Wintering,,2006,2,25,
2330-99726,5,E3,"Rd to Quimichil,Novillero, Nayarit",WIFL_MX2_C2,Mary Whitfield,MX,MX,22.3951,-105.55,NA,Wintering,,2004,12,24,
2330-99738,5,E4,"San Blas, Cocodrilario Rd",WIFL_MX2_C3,Mary Whitfield,MX,MX,22.3951,-105.55,NA,Wintering,,2004,12,15,
2330-99739,5,E5,"NW San Blas, Nayarit","WIFL_MX2_C4, C5",Mary Whitfield,MX,MX,22.3951,-105.55,NA,Wintering,,2006,2,28,
2330-99740,5,E6,"San Blas, Cocodrilario Rd","WIFL_MX2_C6, C7",Mary Whitfield,MX,MX,22.3951,-105.55,NA,Wintering,,2006,2,28,
2330-99741,5,E7,"San Blas, Cocodrilario Rd",WIFL_MX2_C8,Mary Whitfield,MX,MX,22.3951,-105.55,NA,Wintering,,2004,12,16,
2330-99742,5,E8,"San Blas, Cocodrilario Rd",WIFL_MX2_C9,Mary Whitfield,MX,MX,22.3951,-105.55,NA,Wintering,,2004,12,18,
2330-99743,5,E9,"San Blas, Cocodrilario Rd",WIFL_MX2_D1,Mary Whitfield,MX,MX,22.3951,-105.55,NA,Wintering,,2004,12,18,
2330-99744,5,E10,"SE San Blas, Nayarit","WIFL_MX2_D2, D3",Mary Whitfield,MX,MX,22.3951,-105.55,NA,Wintering,,2006,2,27,
2330-99745,5,E11,"Novillero, Nayarit",WIFL_MX2_D4,Mary Whitfield,MX,MX,22.3951,-105.55,NA,Wintering,,2004,12,24,
2330-99752,5,E12,"San Blas, Cocodrilario Rd",WIFL_MX2_D6,Mary Whitfield,MX,MX,22.3951,-105.55,NA,Wintering,,2004,12,20,
2330-99753,5,F1,"San Blas, Cocodrilario Rd",WIFL_MX2_D7,Mary Whitfield,MX,MX,22.3951,-105.55,NA,Wintering,,2004,12,18,
2330-99754,5,F2,"San Blas, Cocodrilario Rd",WIFL_MX2_D8,Mary Whitfield,MX,MX,22.3951,-105.55,NA,Wintering,,2004,12,18,
2330-99755,5,F3,"San Blas, Cocodrilario Rd",WIFL_MX2_D9,Mary Whitfield,MX,MX,22.3951,-105.55,NA,Wintering,,2004,12,18,
2330-99756,5,F4,"San Blas, Cocodrilario Rd",WIFL_MX2_E1,Mary Whitfield,MX,MX,22.3951,-105.55,NA,Wintering,,2004,12,18,
2330-99757,5,F5,"San Blas, Cocodrilario Rd",WIFL_MX2_E2,Mary Whitfield,MX,MX,22.3951,-105.55,NA,Wintering,,2004,12,20,
2330-99758,5,F6,"Novillero, Nayarit",WIFL_MX2_E3,Mary Whitfield,MX,MX,22.3951,-105.55,NA,Wintering,,2004,12,23,
2330-99759,5,F7,"Novillero, Nayarit",WIFL_MX2_E4,Mary Whitfield,MX,MX,22.3951,-105.55,NA,Wintering,,2004,12,23,
2330-99760,5,F8,"Novillero, Nayarit",WIFL_MX2_E5,Mary Whitfield,MX,MX,22.3951,-105.55,NA,Wintering,,2004,12,24,
2330-99794,5,F9,"Quimichi, Novillero, Nayarit",WIFL_MX2_E7,Mary Whitfield,MX,MX,22.3951,-105.55,NA,Wintering,,2006,2,24,
2330-99795,5,F10,"SE San Blas, Nayarit",WIFL_MX2_E8,Mary Whitfield,MX,MX,22.3951,-105.55,NA,Wintering,,2006,2,27,
2330-99796,5,F11,"SE San Blas, Nayarit",WIFL_MX2_E9,Mary Whitfield,MX,MX,22.3951,-105.55,NA,Wintering,,2006,2,27,
2330-99797,5,F12,"SE San Blas, Nayarit",WIFL_MX2_F1,Mary Whitfield,MX,MX,22.3951,-105.55,NA,Wintering,,2006,2,28,
2410-67720,5,G1,"Novillero, Nayarit",WIFL_MX2_F2,Mary Whitfield,MX,MX,22.3951,-105.55,NA,Wintering,,2006,2,24,
2410-67721,5,G2,"Novillero, Nayarit",WIFL_MX2_F3,Mary Whitfield,MX,MX,22.3951,-105.55,NA,Wintering,,2006,2,25,
2410-67722,5,G3,"NW San Blas, Nayarit",WIFL_MX2_F4,Mary Whitfield,MX,MX,22.3951,-105.55,NA,Wintering,,2006,3,3,
2410-67723,5,G4,"NW San Blas, Nayarit",WIFL_MX2_F5,Mary Whitfield,MX,MX,22.3951,-105.55,NA,Wintering,,2006,3,3,
2410-67735,5,G5,"Quimichi, Novillero, Nayarit",WIFL_MX2_F6,Mary Whitfield,MX,MX,22.3951,-105.55,NA,Wintering,,2006,2,23,
2410-67737,5,G6,"Quimichi, Novillero, Nayarit",WIFL_MX2_F8,Mary Whitfield,MX,MX,22.3951,-105.55,NA,Wintering,,2006,2,23,
2410-67740,5,G7,"Quimichi, Novillero, Nayarit",WIFL_MX2_G1,Mary Whitfield,MX,MX,22.3951,-105.55,NA,Wintering,,2006,2,24,
2410-67741,5,G8,"NW San Blas, Nayarit",WIFL_MX2_G2,Mary Whitfield,MX,MX,22.3951,-105.55,NA,Wintering,,2006,2,28,
2330-99790,5,G9,"Finca Yolanda, Puerto San Jose","WIFL_MW3_I4, I5",Mary Whitfield,GUAT,GUAT,13.930099,-90.913,NA,Wintering,,2005,12,20,
2330-99791,5,G10,"Finca Yolanda, Puerto San Jose","WIFL_MW3_I6, I7, I8",Mary Whitfield,GUAT,GUAT,13.930099,-90.913,NA,Wintering,,2005,12,20,
2330-99792,5,G11,"Finca Yolanda, Puerto San Jose",WIFL_MW3_I9,Mary Whitfield,GUAT,GUAT,13.930099,-90.913,NA,Wintering,,2005,12,20,
2410-67712,5,G12,"Finca Yolanda, Puerto San Jose","WIFL_MW4_B9, C1, C2",Mary Whitfield,GUAT,GUAT,13.930099,-90.913,NA,Wintering,,2005,12,19,
2410-67744,5,H1,Rio Achiguate. Puerto San Jose,WIFL_MW4_D8,Mary Whitfield,GUAT,GUAT,13.930099,-90.913,NA,Wintering,,2007,2,4,
2410-67745,5,H2,Rio Achiguate. Puerto San Jose,WIFL_MW4_D9,Mary Whitfield,GUAT,GUAT,13.930099,-90.913,NA,Wintering,,2007,2,4,
2410-67746,5,H3,Rio Achiguate. Puerto San Jose,WIFL_MW4_E1,Mary Whitfield,GUAT,GUAT,13.930099,-90.913,NA,Wintering,,2007,2,4,
2410-67747,5,H4,Rio Achiguate. Puerto San Jose,WIFL_MW4_E2,Mary Whitfield,GUAT,GUAT,13.930099,-90.913,NA,Wintering,,2007,2,4,
2410-67748,5,H5,Rio Achiguate. Puerto San Jose,WIFL_MW4_E3,Mary Whitfield,GUAT,GUAT,13.930099,-90.913,NA,Wintering,,2007,2,5,
2410-67749,5,H6,Rio Achiguate. Puerto San Jose,WIFL_MW4_E4,Mary Whitfield,GUAT,GUAT,13.930099,-90.913,NA,Wintering,,2007,2,6,
2410-67794,5,H7,Rio Achiguate. Puerto San Jose,WIFL_MW4_G7,Mary Whitfield,GUAT,GUAT,13.930099,-90.913,NA,Wintering,,2007,2,4,
2410-67795,5,H8,Rio Achiguate. Puerto San Jose,WIFL_MW4_G8,Mary Whitfield,GUAT,GUAT,13.930099,-90.913,NA,Wintering,,2007,2,5,
2410-67796,5,H9,Rio Achiguate. Puerto San Jose,WIFL_MW4_G9,Mary Whitfield,GUAT,GUAT,13.930099,-90.913,NA,Wintering,,2007,2,5,
2410-67797,5,H10,Rio Achiguate. Puerto San Jose,WIFL_MW4_H1,Mary Whitfield,GUAT,GUAT,13.930099,-90.913,NA,Wintering,,2007,2,5,
2410-67798,6,A1,Rio Achiguate. Puerto San Jose,WIFL_MW4_H2,Mary Whitfield,GUAT,GUAT,13.930099,-90.913,NA,Wintering,,2007,2,6,
2240-94384,6,A2,La Avellena,WIFL_MW3_G2,Mary Whitfield,GUAT,GUAT,13.94695,-90.442,NA,Wintering,,2005,12,22,
2330-99793,6,A3,"Finca Las Ojas, Chiquimulilla","WIFL_MW4_A1, A2",Mary Whitfield,GUAT,GUAT,14.014981,-90.393,NA,Wintering,,2005,12,23,
2410-67719,6,A4,"Finca Las Ojas, Chiquimulilla",WIFL_MW4_D4,Mary Whitfield,GUAT,GUAT,14.014981,-90.393,NA,Wintering,,2005,12,22,
2240-94382,6,A5,"Rio Samala, San Sebastian","WIFL_MW3_F7, F8",Mary Whitfield,GUAT,GUAT,14.57433,-91.633,NA,Wintering,,2005,12,21,
2240-94383,6,A6,"Rio Samala, San Sebastian","WIFL_MW3_F9, G1",Mary Whitfield,GUAT,GUAT,14.57433,-91.633,NA,Wintering,,2005,12,21,
2410-67713,6,A7,"Rio Samala, San Sebastian","WIFL_MW4_C3, C4",Mary Whitfield,GUAT,GUAT,14.57433,-91.633,NA,Wintering,,2005,12,20,
2410-67714,6,A8,"Rio Samala, San Sebastian","WIFL_MW4_C5, C6",Mary Whitfield,GUAT,GUAT,14.57433,-91.633,NA,Wintering,,2005,12,20,
2410-67716,6,A9,"Rio Samala, San Sebastian","WIFL_MW4_C7, C8",Mary Whitfield,GUAT,GUAT,14.57433,-91.633,NA,Wintering,,2005,12,21,
2410-67717,6,A10,"Rio Samala, San Sebastian","WIFL_MW4_C9, D1",Mary Whitfield,GUAT,GUAT,14.57433,-91.633,NA,Wintering,,2005,12,21,
2410-67718,6,A11,"Rio Samala, San Sebastian","WIFL_MW4_D2, D3",Mary Whitfield,GUAT,GUAT,14.57433,-91.633,NA,Wintering,,2005,12,21,
2410-67766,6,A12,"Rio Samala, San Sebastian",WIFL_MW4_F3,Mary Whitfield,GUAT,GUAT,14.57433,-91.633,NA,Wintering,,2007,2,5,
2410-67767,6,B1,"La Guitarra, San Sebastian",WIFL_MW4_F4,Mary Whitfield,GUAT,GUAT,14.57433,-91.633,NA,Wintering,,2007,2,6,
2410-67768,6,B2,"La Guitarra, San Sebastian",WIFL_MW4_F5,Mary Whitfield,GUAT,GUAT,14.57433,-91.633,NA,Wintering,,2007,2,6,
2410-67769,6,B3,"La Guitarra, San Sebastian",WIFL_MW4_F6,Mary Whitfield,GUAT,GUAT,14.57433,-91.633,NA,Wintering,,2007,2,6,
2330-99778,6,B4,"El Rico, Los Amates",WIFL_MW3_G4,Mary Whitfield,GUAT,GUAT,15.246805,-89.104,NA,Wintering,,2005,12,11,
2330-99779,6,B5,"El Rico, Los Amates","WIFL_MW3_G5, G6",Mary Whitfield,GUAT,GUAT,15.246805,-89.104,NA,Wintering,,2007,1,24,
2330-99780,6,B6,"El Rico, Los Amates","WIFL_MW3_G7, G8",Mary Whitfield,GUAT,GUAT,15.246805,-89.104,NA,Wintering,,2005,12,11,
2330-99781,6,B7,"El Rico, Los Amates",WIFL_MW3_G9,Mary Whitfield,GUAT,GUAT,15.246805,-89.104,NA,Wintering,,2005,12,12,
2330-99782,6,B8,"El Rico, Los Amates",WIFL_MW3_H1,Mary Whitfield,GUAT,GUAT,15.246805,-89.104,NA,Wintering,,2005,12,12,
2330-99783,6,B9,"Quiche, Los Amates",WIFL_MW3_H2,Mary Whitfield,GUAT,GUAT,15.246805,-89.104,NA,Wintering,,2007,1,27,
2410-67701,6,B10,"Finca Nueva, Los Amates","WIFL_MW4_A3, A4",Mary Whitfield,GUAT,GUAT,15.246805,-89.104,NA,Wintering,,2007,1,26,
2410-67702,6,B11,"Finca Nueva, Los Amates","WIFL_MW4_A5, A6",Mary Whitfield,GUAT,GUAT,15.246805,-89.104,NA,Wintering,,2005,12,12,
2410-67707,6,B12,"Finca Nueva, Los Amates",WIFL_MW4_A9,Mary Whitfield,GUAT,GUAT,15.246805,-89.104,NA,Wintering,,2005,12,11,
2410-67708,6,C1,"Finca Nueva, Los Amates","WIFL_MW4_B1, B2, B3",Mary Whitfield,GUAT,GUAT,15.246805,-89.104,NA,Wintering,,2007,1,26,
2410-67709,6,C2,"Finca Nueva, Los Amates","WIFL_MW4_B4, B5",Mary Whitfield,GUAT,GUAT,15.246805,-89.104,NA,Wintering,,2005,12,11,
2410-67710,6,C3,"Finca Nueva, Los Amates","WIFL_MW4_B6, B7",Mary Whitfield,GUAT,GUAT,15.246805,-89.104,NA,Wintering,,2005,12,12,
2410-67758,6,C4,"Finca Nueva, Los Amates","WIFL_MW4_E5, E6, E7",Mary Whitfield,GUAT,GUAT,15.246805,-89.104,NA,Wintering,,2007,1,24,
2410-67760,6,C5,"Finca Nueva, Los Amates",WIFL_MW4_E8,Mary Whitfield,GUAT,GUAT,15.246805,-89.104,NA,Wintering,,2007,1,26,
2410-67761,6,C6,"Quiche, Los Amates",WIFL_MW4_E9,Mary Whitfield,GUAT,GUAT,15.246805,-89.104,NA,Wintering,,2007,1,27,
2410-67763,6,C7,"Quiche, Los Amates",WIFL_MW4_F1,Mary Whitfield,GUAT,GUAT,15.246805,-89.104,NA,Wintering,,2007,1,27,
05N9742,6,C8,QUICHE,,Mary Whitfield,GUAT,GUAT,15.4247,-90.863,NA,Wintering,,2005,12,13,
07N2160,6,C9,QUICHE,,Mary Whitfield,GUAT,GUAT,15.4247,-90.863,NA,Wintering,,2007,1,27,
2410-67787,6,C10,"El Rico, Los Amates","WIFL_MW4_F7, F8",Mary Whitfield,GUAT,GUAT,15.246805,-89.104,NA,Wintering,,2007,1,24,
2410-67788,6,C11,"El Rico, Los Amates","WIFL_MW4_F9, G1",Mary Whitfield,GUAT,GUAT,15.246805,-89.104,NA,Wintering,,2007,1,24,
2410-67789,6,C12,"El Rico, Los Amates",WIFL_MW4_G2,Mary Whitfield,GUAT,GUAT,15.246805,-89.104,NA,Wintering,,2007,1,24,
2330-99785,6,D1,"Rio Sauce, El Estor","WIFL_MW3_H3, H4, H5",Mary Whitfield,GUAT,GUAT,15.518396,-89.299,NA,Wintering,,2005,12,15,
2330-99786,6,D2,"Rio Sauce, El Estor","WIFL_MW3_H6, H7, H8",Mary Whitfield,GUAT,GUAT,15.518396,-89.299,NA,Wintering,,2005,12,15,
2330-99787,6,D3,"Finca La Cabana, El Estor",WIFL_MW3_H9,Mary Whitfield,GUAT,GUAT,15.518396,-89.299,NA,Wintering,,2005,12,16,
2330-99788,6,D4,"Finca La Cabana, El Estor","WIFL_MW3_I1, I2",Mary Whitfield,GUAT,GUAT,15.518396,-89.299,NA,Wintering,,2005,12,16,
2330-99789,6,D5,"Finca La Cabana, El Estor",WIFL_MW3_I3,Mary Whitfield,GUAT,GUAT,15.518396,-89.299,NA,Wintering,,2005,12,16,
2410-67705,6,D6,"Rio Sauce, El Estor","WIFL_MW4_A7, A8",Mary Whitfield,GUAT,GUAT,15.518396,-89.299,NA,Wintering,,2005,12,16,
2410-67711,6,D7,"Rio Sauce, El Estor",WIFL_MW4_B8,Mary Whitfield,GUAT,GUAT,15.518396,-89.299,NA,Wintering,,2005,12,16,
2410-67742,6,D8,"Finca La Cabana, El Estor",WIFL_MW4_D6,Mary Whitfield,GUAT,GUAT,15.518396,-89.299,NA,Wintering,,2007,1,31,
2410-67743,6,D9,"Finca La Cabana, El Estor",WIFL_MW4_D7,Mary Whitfield,GUAT,GUAT,15.518396,-89.299,NA,Wintering,,2007,1,31,
2410-67765,6,D10,"Rio Sauce, El Estor",WIFL_MW4_F2,Mary Whitfield,GUAT,GUAT,15.518396,-89.299,NA,Wintering,,2007,1,30,
2410-67790,6,D11,"Finca La Cabana, El Estor",WIFL_MW4_G3,Mary Whitfield,GUAT,GUAT,15.518396,-89.299,NA,Wintering,,2007,1,31,
2410-67791,6,D12,"Finca La Cabana, El Estor",WIFL_MW4_G4,Mary Whitfield,GUAT,GUAT,15.518396,-89.299,NA,Wintering,,2007,1,31,
2410-67792,6,E1,"Finca La Cabana, El Estor",WIFL_MW4_G5,Mary Whitfield,GUAT,GUAT,15.518396,-89.299,NA,Wintering,,2007,1,31,
2410-67793,6,E2,"Finca La Cabana, El Estor",WIFL_MW4_G6,Mary Whitfield,GUAT,GUAT,15.518396,-89.299,NA,Wintering,,2007,1,31,
2150-26520,6,E3,Jocotal E. (El Torre),WIFL_EL_G1,Eben Paxton,EL,EL,13.3192,-88.243,NA,Wintering,,2000,1,31,
2150-26553,6,E4,Jocotal E. (El Torre),WIFL_EL_H2,Eben Paxton,EL,EL,13.3192,-88.243,NA,Wintering,,2000,1,31,
2150-26545,6,E5,Jocotal W. (Desague S.),WIFL_EL_G6,Eben Paxton,EL,EL,13.3262,-88.27,NA,Wintering,,2000,1,30,
2150-26549,6,E6,Jocotal W. (Desague S.),WIFL_EL_G8,Eben Paxton,EL,EL,13.3262,-88.27,NA,Wintering,,2000,1,30,
2150-26552,6,E7,Jocotal W. (Desague S.),WIFL_EL_H1,Eben Paxton,EL,EL,13.3262,-88.27,NA,Wintering,,2000,1,30,
2150-26551,6,E8,Olomega RR,WIFL_EL_G9,Eben Paxton,EL,EL,13.3323,-88.02,NA,Wintering,,2000,1,29,
2150-26521,6,E9,Nancuchiname,WIFL_EL_G2,Eben Paxton,EL,EL,13.3413,-88.719,NA,Wintering,,2000,2,1,
2150-26522,6,E10,Nancuchiname,WIFL_EL_G3,Eben Paxton,EL,EL,13.3413,-88.719,NA,Wintering,,2000,2,1,
2150-26535,6,E11,Nancuchiname,WIFL_EL_G4,Eben Paxton,EL,EL,13.3413,-88.719,NA,Wintering,,2000,1,2,
2150-26536,6,E12,Nancuchiname,WIFL_EL_G5,Eben Paxton,EL,EL,13.3413,-88.719,NA,Wintering,,2000,2,1,
2150-26548,6,F1,Nancuchiname,WIFL_EL_G7,Eben Paxton,EL,EL,13.3413,-88.719,NA,Wintering,,2000,1,2,
2150-26562,6,F2,Nancuchiname,WIFL_EL_H6,Eben Paxton,EL,EL,13.3413,-88.719,NA,Wintering,,2000,1,2,
2150-26555,6,F3,San Juan SE,WIFL_EL_H3,Eben Paxton,EL,EL,13.368,-88.16,NA,Wintering,,2000,2,1,
2150-26560,6,F4,La Barra de Santiago,WIFL_EL_H5,Eben Paxton,EL,EL,13.692,-89.943,NA,Wintering,,2000,2,8,
2150-26568,6,F5,La Barra de Santiago,WIFL_EL_H7,Eben Paxton,EL,EL,13.692,-89.943,NA,Wintering,,2000,2,8,
2150-26569,6,F6,La Barra de Santiago,WIFL_EL_H8,Eben Paxton,EL,EL,13.692,-89.943,NA,Wintering,,2000,2,8,
2150-26570,6,F7,La Barra de Santiago,WIFL_EL_H9,Eben Paxton,EL,EL,13.692,-89.943,NA,Wintering,,2000,2,9,
2150-26571,6,F8,La Barra de Santiago,WIFL_EL_I1,Eben Paxton,EL,EL,13.692,-89.943,NA,Wintering,,2000,2,9,
2150-26572,6,F9,La Barra de Santiago,WIFL_EL_I2,Eben Paxton,EL,EL,13.692,-89.943,NA,Wintering,,2000,2,9,
1740-91963,6,F10,Puerto Jimenez,WIFL_CR2_A8,Eben Paxton,CR,CR,8.5155,-83.294,NA,Wintering,,1999,2,9,
1740-91964,6,F11,Puerto Jimenez,WIFL_CR2_A9,Eben Paxton,CR,CR,8.5155,-83.294,NA,Wintering,,1999,2,9,
1740-91965,6,F12,Puerto Jimenez,WIFL_CR2_B1,Eben Paxton,CR,CR,8.5155,-83.294,NA,Wintering,,1999,2,9,
1740-91958,6,G1,Coto/Coto 44,WIFL_CR2_A4,Eben Paxton,CR,CR,8.562,-82.958,NA,Wintering,,1999,2,6,
1740-91959,6,G2,Coto/Coto 44,WIFL_CR2_A5,Eben Paxton,CR,CR,8.562,-82.958,NA,Wintering,,1999,2,6,
1740-91960,6,G3,Coto/Coto 44,WIFL_CR2_A6,Eben Paxton,CR,CR,8.562,-82.958,NA,Wintering,,1999,2,7,
1740-91961,6,G4,Coto/Coto 44,WIFL_CR2_A7,Eben Paxton,CR,CR,8.562,-82.958,NA,Wintering,,1999,2,7,
2150-26574,6,G5,Playa Caleta,WIFL_CR2_D2,Eben Paxton,CR,CR,9.759,-85.266,NA,Wintering,,2000,2,11,
2150-26575,6,G6,Playa Caleta,WIFL_CR2_D3,Eben Paxton,CR,CR,9.759,-85.266,NA,Wintering,,2000,2,11,
1590-97479,6,G7,Chomes,WIFL_CR1_A1,Eben Paxton,CR,CR,10.0693,-84.899,NA,Wintering,,2000,10,8,
1710-20358,6,G8,Chomes,WIFL_CR1_A9,Eben Paxton,CR,CR,10.0693,-84.899,NA,Wintering,,1999,3,21,
1710-20359,6,G9,Chomes,WIFL_CR1_B1,Eben Paxton,CR,CR,10.0693,-84.899,NA,Wintering,,1999,3,21,
1710-46103,6,G10,Chomes,WIFL_CR1_B2,Eben Paxton,CR,CR,10.0693,-84.899,NA,Wintering,,1999,12,19,
1710-46104,6,G11,Chomes,WIFL_CR1_B3,Eben Paxton,CR,CR,10.0693,-84.899,NA,Wintering,,1999,12,19,
1710-46105,6,G12,Chomes,WIFL_CR1_B4,Eben Paxton,CR,CR,10.0693,-84.899,NA,Wintering,,1999,12,20,
1710-46106,6,H1,Chomes,WIFL_CR1_B5,Eben Paxton,CR,CR,10.0693,-84.899,NA,Wintering,,1999,12,20,
1710-46107,6,H2,Chomes,WIFL_CR1_B6,Eben Paxton,CR,CR,10.0693,-84.899,NA,Wintering,,1999,12,20,
1710-46108,6,H3,Chomes,WIFL_CR1_B7,Eben Paxton,CR,CR,10.0693,-84.899,NA,Wintering,,1999,12,21,
1710-46109,6,H4,Chomes,WIFL_CR1_B8,Eben Paxton,CR,CR,10.0693,-84.899,NA,Wintering,,1999,12,21,
1710-46114,6,H5,Chomes,WIFL_CR1_C4,Eben Paxton,CR,CR,10.0693,-84.899,NA,Wintering,,2000,1,3,
1710-46115,6,H6,Chomes,WIFL_CR1_C5,Eben Paxton,CR,CR,10.0693,-84.899,NA,Wintering,,2000,1,3,
1710-46116,6,H7,Chomes,WIFL_CR1_C6,Eben Paxton,CR,CR,10.0693,-84.899,NA,Wintering,,2000,1,3,
1710-46117,6,H8,Chomes,WIFL_CR1_C7,Eben Paxton,CR,CR,10.0693,-84.899,NA,Wintering,,2000,1,4,
1710-46118,6,H9,Chomes,WIFL_CR1_C8,Eben Paxton,CR,CR,10.0693,-84.899,NA,Wintering,,2000,1,4,
1710-46119,6,H10,Chomes,WIFL_CR1_C9,Eben Paxton,CR,CR,10.0693,-84.899,NA,Wintering,,2000,1,5,
1710-46123,7,A1,Chomes,WIFL_CR1_D4,Eben Paxton,CR,CR,10.0693,-84.899,NA,Wintering,,2000,2,10,
1710-46124,7,A2,Chomes,WIFL_CR1_D5,Eben Paxton,CR,CR,10.0693,-84.899,NA,Wintering,,2000,2,10,
1710-46132,7,A3,Chomes,WIFL_CR1_E4,Eben Paxton,CR,CR,10.0693,-84.899,NA,Wintering,,2000,3,23,
1710-46133,7,A4,Chomes,WIFL_CR1_E5,Eben Paxton,CR,CR,10.0693,-84.899,NA,Wintering,,2000,3,29,
1710-46134,7,A5,Chomes,WIFL_CR1_E6,Eben Paxton,CR,CR,10.0693,-84.899,NA,Wintering,,2000,4,1,
1710-46138,7,A6,Chomes,WIFL_CR1_F1,Eben Paxton,CR,CR,10.0693,-84.899,NA,Wintering,,2001,1,9,
1710-46139,7,A7,Chomes,WIFL_CR1_F2,Eben Paxton,CR,CR,10.0693,-84.899,NA,Wintering,,2001,1,10,
1710-46141,7,A8,Chomes,WIFL_CR1_F3,Eben Paxton,CR,CR,10.0693,-84.899,NA,Wintering,,2001,1,11,
1710-46142,7,A9,Chomes,WIFL_CR1_F4,Eben Paxton,CR,CR,10.0693,-84.899,NA,Wintering,,2001,1,13,
1710-46143,7,A10,Chomes,WIFL_CR1_F5,Eben Paxton,CR,CR,10.0693,-84.899,NA,Wintering,,2001,1,13,
1710-46144,7,A11,Chomes,WIFL_CR1_F6,Eben Paxton,CR,CR,10.0693,-84.899,NA,Wintering,,2001,1,14,
1710-46145,7,A12,Chomes,WIFL_CR1_F7,Eben Paxton,CR,CR,10.0693,-84.899,NA,Wintering,,2001,1,14,
1710-46146,7,B1,Chomes,WIFL_CR1_F8,Eben Paxton,CR,CR,10.0693,-84.899,NA,Wintering,,2001,1,14,
1710-46147,7,B2,Chomes,WIFL_CR1_F9,Eben Paxton,CR,CR,10.0693,-84.899,NA,Wintering,,2001,1,15,
1710-46352,7,B3,Chomes,WIFL_CR1_G5,Eben Paxton,CR,CR,10.0693,-84.899,NA,Wintering,,2002,12,29,
1710-46353,7,B4,Chomes,WIFL_CR1_G6,Eben Paxton,CR,CR,10.0693,-84.899,NA,Wintering,,2001,12,30,
1710-46358,7,B5,Chomes,WIFL_CR1_H2,Eben Paxton,CR,CR,10.0693,-84.899,NA,Wintering,,2002,1,13,
1740-91831,7,B6,Chomes,WIFL_CR1_I1,Eben Paxton,CR,CR,10.0693,-84.899,NA,Wintering,,1998,12,18,
1740-91832,7,B7,Chomes,WIFL_CR1_I2,Eben Paxton,CR,CR,10.0693,-84.899,NA,Wintering,,1998,12,18,
1740-91833,7,B8,Chomes,WIFL_CR1_I3,Eben Paxton,CR,CR,10.0693,-84.899,NA,Wintering,,1998,12,18,
1740-91834,7,B9,Chomes,WIFL_CR1_I4,Eben Paxton,CR,CR,10.0693,-84.899,NA,Wintering,,1999,1,2,
1740-91835,7,B10,Chomes,WIFL_CR1_I5,Eben Paxton,CR,CR,10.0693,-84.899,NA,Wintering,,1999,1,2,
1740-91836,7,B11,Chomes,WIFL_CR1_I6,Eben Paxton,CR,CR,10.0693,-84.899,NA,Wintering,,1999,1,2,
1740-91837,7,B12,Chomes,WIFL_CR1_I7,Eben Paxton,CR,CR,10.0693,-84.899,NA,Wintering,,1999,1,2,
1740-91838,7,C1,Chomes,WIFL_CR1_I8,Eben Paxton,CR,CR,10.0693,-84.899,NA,Wintering,,1999,1,3,
1740-91839,7,C2,Chomes,WIFL_CR1_I9,Eben Paxton,CR,CR,10.0693,-84.899,NA,Wintering,,1999,1,6,
1740-91840,7,C3,Chomes,WIFL_CR2_A1,Eben Paxton,CR,CR,10.0693,-84.899,NA,Wintering,,1999,1,7,
1740-91982,7,C4,Chomes,WIFL_CR2_B2,Eben Paxton,CR,CR,10.0693,-84.899,NA,Wintering,,1999,12,18,
1740-91983,7,C5,Chomes,WIFL_CR2_B3,Eben Paxton,CR,CR,10.0693,-84.899,NA,Wintering,,1999,12,18,
1740-91984,7,C6,Chomes,WIFL_CR2_B4,Eben Paxton,CR,CR,10.0693,-84.899,NA,Wintering,,1999,12,20,
1740-91985,7,C7,Chomes,WIFL_CR2_B5,Eben Paxton,CR,CR,10.0693,-84.899,NA,Wintering,,1999,12,20,
1740-91986,7,C8,Chomes,WIFL_CR2_B6,Eben Paxton,CR,CR,10.0693,-84.899,NA,Wintering,,1999,12,22,
1740-91992,7,C9,Chomes,WIFL_CR2_C3,Eben Paxton,CR,CR,10.0693,-84.899,NA,Wintering,,1999,12,29,
1740-91994,7,C10,Chomes,WIFL_CR2_C4,Eben Paxton,CR,CR,10.0693,-84.899,NA,Wintering,,2000,1,2,
1740-91995,7,C11,Chomes,WIFL_CR2_C5,Eben Paxton,CR,CR,10.0693,-84.899,NA,Wintering,,2000,10,9,
1740-91996,7,C12,Chomes,WIFL_CR2_C6,Eben Paxton,CR,CR,10.0693,-84.899,NA,Wintering,,2000,10,10,
1740-91997,7,D1,Chomes,WIFL_CR2_C7,Eben Paxton,CR,CR,10.0693,-84.899,NA,Wintering,,2000,12,31,
1740-91998,7,D2,Chomes,WIFL_CR2_C8,Eben Paxton,CR,CR,10.0693,-84.899,NA,Wintering,,2001,1,1,
1740-91999,7,D3,Chomes,WIFL_CR2_C9,Eben Paxton,CR,CR,10.0693,-84.899,NA,Wintering,,2001,1,2,
2160-27034,7,D4,Santa Cruz,WIFL_CR2_D5,Eben Paxton,CR,CR,10.26,-85.58,NA,Wintering,,NA,NA,NA,
1740-91810,7,D5,Solimar,WIFL_CR1_H7,Eben Paxton,CR,CR,10.291,-85.166,NA,Wintering,,1999,1,28,
1740-91811,7,D6,Solimar,WIFL_CR1_H8,Eben Paxton,CR,CR,10.291,-85.166,NA,Wintering,,1999,1,28,
1740-91812,7,D7,Solimar,WIFL_CR1_H9,Eben Paxton,CR,CR,10.291,-85.166,NA,Wintering,,1999,1,28,
1710-20351,7,D8,Santa Cruz,WIFL_CR1_A2,Eben Paxton,CR,CR,10.329,-85.65,NA,Wintering,,1999,3,18,
1710-20352,7,D9,Santa Cruz,WIFL_CR1_A3,Eben Paxton,CR,CR,10.329,-85.65,NA,Wintering,,1999,3,18,
1710-20353,7,D10,Santa Cruz,WIFL_CR1_A4,Eben Paxton,CR,CR,10.329,-85.65,NA,Wintering,,1999,3,18,
1710-20354,7,D11,Santa Cruz,WIFL_CR1_A5,Eben Paxton,CR,CR,10.329,-85.65,NA,Wintering,,1999,3,18,
1740-91841,7,D12,Santa Cruz,WIFL_CR2_A2,Eben Paxton,CR,CR,10.329,-85.65,NA,Wintering,,1999,1,12,
1740-91842,7,E1,Santa Cruz,WIFL_CR2_A3,Eben Paxton,CR,CR,10.329,-85.65,NA,Wintering,,1999,1,12,
2150-26576,7,E2,Santa Cruz,WIFL_CR2_D4,Eben Paxton,CR,CR,10.329,-85.65,NA,Wintering,,2000,2,12,
1710-20355,7,E3,Bolson,WIFL_CR1_A6,Eben Paxton,CR,CR,10.3552,-85.42,NA,Wintering,,1999,3,19,
1710-20356,7,E4,Bolson,WIFL_CR1_A7,Eben Paxton,CR,CR,10.3552,-85.42,NA,Wintering,,1999,3,19,
1710-20357,7,E5,Bolson,WIFL_CR1_A8,Eben Paxton,CR,CR,10.3552,-85.42,NA,Wintering,,1999,3,19,
1710-46110,7,E6,Bolson,WIFL_CR1_B9,Eben Paxton,CR,CR,10.3552,-85.42,NA,Wintering,,1999,12,23,
1710-46111,7,E7,Bolson,WIFL_CR1_C1,Eben Paxton,CR,CR,10.3552,-85.42,NA,Wintering,,1999,12,23,
1710-46112,7,E8,Bolson,WIFL_CR1_C2,Eben Paxton,CR,CR,10.3552,-85.42,NA,Wintering,,1999,12,23,
1710-46113,7,E9,Bolson,WIFL_CR1_C3,Eben Paxton,CR,CR,10.3552,-85.42,NA,Wintering,,1999,12,28,
1710-46120,7,E10,Bolson,WIFL_CR1_D1,Eben Paxton,CR,CR,10.3552,-85.42,NA,Wintering,,2000,1,28,
1710-46121,7,E11,Bolson,WIFL_CR1_D2,Eben Paxton,CR,CR,10.3552,-85.42,NA,Wintering,,2000,1,28,
1710-46122,7,E12,Bolson,WIFL_CR1_D3,Eben Paxton,CR,CR,10.3552,-85.42,NA,Wintering,,2000,2,1,
1710-46125,7,F1,Bolson,WIFL_CR1_D6,Eben Paxton,CR,CR,10.3552,-85.42,NA,Wintering,,2000,2,14,
1710-46126,7,F2,Bolson,WIFL_CR1_D7,Eben Paxton,CR,CR,10.3552,-85.42,NA,Wintering,,2000,2,14,
1710-46127,7,F3,Bolson,WIFL_CR1_D8,Eben Paxton,CR,CR,10.3552,-85.42,NA,Wintering,,2000,2,15,
1710-46128,7,F4,Bolson,WIFL_CR1_D9,Eben Paxton,CR,CR,10.3552,-85.42,NA,Wintering,,2000,2,16,
1710-46129,7,F5,Bolson,WIFL_CR1_E1,Eben Paxton,CR,CR,10.3552,-85.42,NA,Wintering,,2000,2,16,
1710-46130,7,F6,Bolson,WIFL_CR1_E2,Eben Paxton,CR,CR,10.3552,-85.42,NA,Wintering,,2000,2,16,
1710-46131,7,F7,Bolson,WIFL_CR1_E3,Eben Paxton,CR,CR,10.3552,-85.42,NA,Wintering,,2000,2,17,
1710-46135,7,F8,Bolson,WIFL_CR1_E7,Eben Paxton,CR,CR,10.3552,-85.42,NA,Wintering,,2001,1,5,
1710-46136,7,F9,Bolson,WIFL_CR1_E8,Eben Paxton,CR,CR,10.3552,-85.42,NA,Wintering,,2001,1,5,
1710-46137,7,F10,Bolson,WIFL_CR1_E9,Eben Paxton,CR,CR,10.3552,-85.42,NA,Wintering,,2001,1,1,
1710-46345,7,F11,Bolson,WIFL_CR1_G1,Eben Paxton,CR,CR,10.3552,-85.42,NA,Wintering,,1901,1,1,
1710-46346,7,F12,Bolson,WIFL_CR1_G2,Eben Paxton,CR,CR,10.3552,-85.42,NA,Wintering,,1901,1,1,
1710-46347,7,G1,Bolson,WIFL_CR1_G3,Eben Paxton,CR,CR,10.3552,-85.42,NA,Wintering,,2002,1,2,
1710-46349,7,G2,Bolson,WIFL_CR1_G4,Eben Paxton,CR,CR,10.3552,-85.42,NA,Wintering,,1901,1,1,
1710-46354,7,G3,Bolson,WIFL_CR1_G7,Eben Paxton,CR,CR,10.3552,-85.42,NA,Wintering,,2002,1,1,
1710-46355,7,G4,Bolson,WIFL_CR1_G8,Eben Paxton,CR,CR,10.3552,-85.42,NA,Wintering,,1901,1,1,
1710-46356,7,G5,Bolson,WIFL_CR1_G9,Eben Paxton,CR,CR,10.3552,-85.42,NA,Wintering,,1901,1,1,
1710-46357,7,G6,Bolson,WIFL_CR1_H1,Eben Paxton,CR,CR,10.3552,-85.42,NA,Wintering,,2002,1,11,
1740-91806,7,G7,Bolson,WIFL_CR1_H3,Eben Paxton,CR,CR,10.3552,-85.42,NA,Wintering,,1999,1,16,
1740-91807,7,G8,Bolson,WIFL_CR1_H4,Eben Paxton,CR,CR,10.3552,-85.42,NA,Wintering,,1999,1,16,
1740-91808,7,G9,Bolson,WIFL_CR1_H5,Eben Paxton,CR,CR,10.3552,-85.42,NA,Wintering,,1999,1,17,
1740-91809,7,G10,Bolson,WIFL_CR1_H6,Eben Paxton,CR,CR,10.3552,-85.42,NA,Wintering,,1999,1,17,
1740-91987,7,G11,Bolson,WIFL_CR2_B7,Eben Paxton,CR,CR,10.3552,-85.42,NA,Wintering,,1999,12,23,
1740-91988,7,G12,Bolson,WIFL_CR2_B8,Eben Paxton,CR,CR,10.3552,-85.42,NA,Wintering,,2000,12,23,
1740-91989,7,H1,Bolson,WIFL_CR2_B9,Eben Paxton,CR,CR,10.3552,-85.42,NA,Wintering,,1999,12,24,
1740-91990,7,H2,Bolson,WIFL_CR2_C1,Eben Paxton,CR,CR,10.3552,-85.42,NA,Wintering,,1999,12,24,
1740-91991,7,H3,Bolson,WIFL_CR2_C2,Eben Paxton,CR,CR,10.3552,-85.42,NA,Wintering,,1999,12,28,
1740-92000,7,H4,Bolson,WIFL_CR2_D1,Eben Paxton,CR,CR,10.3552,-85.42,NA,Wintering,,2001,1,5,
2150-26501,7,H5,Laguan Naranja E.,WIFL_PA-TRA1_A1,Eben Paxton,PAN,PAN,7.4475,-80.372,NA,Wintering,,2000,1,9,
2150-26502,7,H6,Laguan Naranja E.,WIFL_PA-TRA1_A2,Eben Paxton,PAN,PAN,7.4475,-80.372,NA,Wintering,,2000,1,10,
2150-26503,7,H7,Laguan Naranja E.,WIFL_PA-TRA1_A3,Eben Paxton,PAN,PAN,7.4475,-80.372,NA,Wintering,,2000,1,10,
2150-26504,7,H8,Laguan Naranja E.,WIFL_PA-TRA1_A4,Eben Paxton,PAN,PAN,7.4475,-80.372,NA,Wintering,,2000,1,10,
2150-26505,7,H9,Laguan Naranja E.,WIFL_PA-TRA1_A5,Eben Paxton,PAN,PAN,7.4475,-80.372,NA,Wintering,,2000,1,10,
2150-26523,7,H10,Laguan Naranja E.,WIFL_PA-TRA1_B7,Eben Paxton,PAN,PAN,7.4475,-80.372,NA,Wintering,,2000,1,9,
1590-97407,8,A1,Alamosa National Wildlife Refuge,WIFL_ADA1_B9,Eben Paxton,USA,CO,37.4307,-105.7896,ada,Breeding,,1997,6,1,
1590-97409,8,A2,Alamosa National Wildlife Refuge,WIFL_ADA1_C1,Eben Paxton,USA,CO,37.4307,-105.7896,ada,Breeding,,1997,6,1,
1590-97437,8,A3,Alamosa National Wildlife Refuge,WIFL_ADA1_E2,Eben Paxton,USA,CO,37.4307,-105.7896,ada,Breeding,,1997,6,24,
1590-97439,8,A4,Alamosa National Wildlife Refuge,WIFL_ADA1_E3,Eben Paxton,USA,CO,37.4307,-105.7896,ada,Breeding,,1997,6,25,
1590-97441,8,A5,Alamosa National Wildlife Refuge,WIFL_ADA1_E4,Eben Paxton,USA,CO,37.4307,-105.7896,ada,Breeding,,1997,6,25,
1590-97442,8,A6,Alamosa National Wildlife Refuge,WIFL_ADA1_E5,Eben Paxton,USA,CO,37.4307,-105.7896,ada,Breeding,,1997,6,25,
1710-20639,8,A7,Alamosa National Wildlife Refuge,WIFL_ADA2_A4,Eben Paxton,USA,CO,37.4307,-105.7896,ada,Breeding,,1998,6,23,
1740-91746,8,A8,Alamosa National Wildlife Refuge,WIFL_ADA2_E5,Eben Paxton,USA,CO,37.4307,-105.7896,ada,Breeding,,1996,7,25,
1590-97465,8,A9,Arapahoe National Wildlife Ref,WIFL_ADA1_G3,Eben Paxton,USA,CO,40.6167,-106.2833,ada,Breeding,,1997,7,17,
1590-97466,8,A10,Arapahoe National Wildlife Ref,WIFL_ADA1_G4,Eben Paxton,USA,CO,40.6167,-106.2833,ada,Breeding,,1997,7,17,
1590-97467,8,A11,Arapahoe National Wildlife Ref,WIFL_ADA1_G5,Eben Paxton,USA,CO,40.6167,-106.2833,ada,Breeding,,1997,7,17,
1590-97468,8,A12,Arapahoe National Wildlife Ref,WIFL_ADA1_G6,Eben Paxton,USA,CO,40.6167,-106.2833,ada,Breeding,,1997,7,18,
1590-97469,8,B1,Arapahoe National Wildlife Ref,WIFL_ADA1_G7,Eben Paxton,USA,CO,40.6167,-106.2833,ada,Breeding,,1997,7,18,
1590-97412,8,B2,Beaver Creek,WIFL_ADA1_C4,Eben Paxton,USA,CO,37.6836,-108.3781,ada,Breeding,,1997,6,3,
1590-97452,8,B3,Beaver Creek,WIFL_ADA1_F2,Eben Paxton,USA,CO,37.6836,-108.3781,ada,Breeding,,1997,6,29,
1590-97453,8,B4,Beaver Creek,WIFL_ADA1_F3,Eben Paxton,USA,CO,37.6836,-108.3781,ada,Breeding,,1997,6,29,
1590-97454,8,B5,Beaver Creek,WIFL_ADA1_F4,Eben Paxton,USA,CO,37.6836,-108.3781,ada,Breeding,,1997,6,29,
1590-97455,8,B6,Beaver Creek,WIFL_ADA1_F5,Eben Paxton,USA,CO,37.6836,-108.3781,ada,Breeding,,1997,6,30,
1740-91640,8,B7,Beaver Creek,WIFL_ADA2_D3,Eben Paxton,USA,CO,37.6836,-108.3781,ada,Breeding,,1996,7,26,
1590-97220,8,B8,Camp Verde,WIFL_EXT1_A8,Eben Paxton,USA,AZ,34.5583,-111.8417,ext,Breeding,,1997,6,8,
1590-97234,8,B9,Camp Verde,WIFL_EXT1_B8,Eben Paxton,USA,AZ,34.5583,-111.8417,ext,Breeding,,1997,6,23,
1590-97323,8,B10,Camp Verde,WIFL_EXT1_G7,Eben Paxton,USA,AZ,34.5583,-111.8417,ext,Breeding,,1997,6,5,
1590-97326,8,B11,Camp Verde,WIFL_EXT1_G9,Eben Paxton,USA,AZ,34.5583,-111.8417,ext,Breeding,,1997,6,5,
1590-97368,8,B12,Camp Verde,WIFL_EXT2_A9,Eben Paxton,USA,AZ,34.5583,-111.8417,ext,Breeding,,1997,7,8,
1710-46386,8,C1,Camp Verde,WIFL_EXT5_B1,Eben Paxton,USA,AZ,34.5583,-111.8417,ext,Breeding,,2000,6,25,
1740-91532,8,C2,Camp Verde,WIFL_EXT7_A1,Eben Paxton,USA,AZ,34.5583,-111.8417,ext,Breeding,,1996,7,6,
1740-91684,8,C3,Camp Verde,WIFL_EXT7_E9,Eben Paxton,USA,AZ,34.5583,-111.8417,ext,Breeding,,1998,6,28,
1590-97410,8,C4,Clear Creek,WIFL_ADA1_C2,Eben Paxton,USA,CO,37.7917,-108.2356,ada,Breeding,,1997,6,2,
1590-97411,8,C5,Clear Creek,WIFL_ADA1_C3,Eben Paxton,USA,CO,37.7917,-108.2356,ada,Breeding,,1997,6,2,
1590-97448,8,C6,Clear Creek,WIFL_ADA1_E9,Eben Paxton,USA,CO,37.7917,-108.2356,ada,Breeding,,1997,6,28,
1590-97451,8,C7,Clear Creek,WIFL_ADA1_F1,Eben Paxton,USA,CO,37.7917,-108.2356,ada,Breeding,,1997,6,28,
1590-97457,8,C8,Clear Creek,WIFL_ADA1_F6,Eben Paxton,USA,CO,37.7917,-108.2356,ada,Breeding,,1997,7,1,
1590-97458,8,C9,Clear Creek,WIFL_ADA1_F7,Eben Paxton,USA,CO,37.7917,-108.2356,ada,Breeding,,1997,7,1,
1590-97460,8,C10,Clear Creek,WIFL_ADA1_F8,Eben Paxton,USA,CO,37.7917,-108.2356,ada,Breeding,,1997,7,1,
1740-91638,8,C11,Clear Creek,WIFL_ADA2_D2,Eben Paxton,USA,CO,37.7917,-108.2356,ada,Breeding,,1996,7,25,
1740-91649,8,C12,Colorado River at Silt,WIFL_ADA2_D9,Eben Paxton,USA,CO,39.5412,-107.6969,ada,Breeding,,1996,7,29,
1740-91650,8,D1,Colorado River at Silt,WIFL_ADA2_E1,Eben Paxton,USA,CO,39.5412,-107.6969,ada,Breeding,,1996,7,29,
1740-91913,8,D2,Desert Ranch,WIFL_ADA2_H9,Eben Paxton,USA,UT,41.74,-111.79,ada,Breeding,,1998,6,24,
1590-97389,8,D3,East Canyon Reservoir,WIFL_ADA1_A7,Eben Paxton,USA,UT,40.8744,-111.583,ada,Breeding,,1998,6,26,
1740-91904,8,D4,East Canyon Reservoir,WIFL_ADA2_G9,Eben Paxton,USA,UT,40.908097,-111.592028,ada,Breeding,,1998,6,13,
1740-91905,8,D5,East Canyon Reservoir,WIFL_ADA2_H1,Eben Paxton,USA,UT,40.908097,-111.592028,ada,Breeding,,1998,6,13,
1740-91906,8,D6,East Canyon Reservoir,WIFL_ADA2_H2,Eben Paxton,USA,UT,40.908097,-111.592028,ada,Breeding,,1998,6,13,
1740-91917,8,D7,East Canyon Reservoir,WIFL_ADA2_I4,Eben Paxton,USA,UT,40.908097,-111.592028,ada,Breeding,,1998,6,26,
1740-51668,8,D8,East Pima site,WIFL_EXT5_D1,Eben Paxton,USA,AZ,32.8283,-109.7047,ext,Breeding,,2002,5,30,
1740-51669,8,D9,East Pima site,WIFL_EXT5_D2,Eben Paxton,USA,AZ,32.8283,-109.7047,ext,Breeding,,2002,5,30,
1740-51671,8,D10,East Pima site,WIFL_EXT5_D3,Eben Paxton,USA,AZ,32.8283,-109.7047,ext,Breeding,,2002,5,30,
1740-51674,8,D11,East Pima site,WIFL_EXT5_D4,Eben Paxton,USA,AZ,32.8283,-109.7047,ext,Breeding,,2002,5,30,
1740-51677,8,D12,East Pima site,WIFL_EXT5_D5,Eben Paxton,USA,AZ,32.8283,-109.7047,ext,Breeding,,2002,5,30,
1740-51678,8,E1,East Pima site,WIFL_EXT5_D6,Eben Paxton,USA,AZ,32.8283,-109.7047,ext,Breeding,,2002,5,30,
1740-51679,8,E2,East Pima site,WIFL_EXT5_D7,Eben Paxton,USA,AZ,32.8283,-109.7047,ext,Breeding,,2002,5,30,
1740-51681,8,E3,East Pima site,WIFL_EXT5_D8,Eben Paxton,USA,AZ,32.8283,-109.7047,ext,Breeding,,2002,5,30,
1590-97403,8,E4,Escalante State Wildlife Area,WIFL_ADA1_B8,Eben Paxton,USA,CO,38.7563,-108.1565,ada,Breeding,,1997,5,24,
1590-97413,8,E5,Escalante State Wildlife Area,WIFL_ADA1_C5,Eben Paxton,USA,CO,38.7563,-108.1565,ada,Breeding,,1997,6,11,
1740-91641,8,E6,Escalante State Wildlife Area,WIFL_ADA2_D4,Eben Paxton,USA,CO,38.7563,-108.1565,ada,Breeding,,1996,7,27,
1740-91642,8,E7,Escalante State Wildlife Area,WIFL_ADA2_D5,Eben Paxton,USA,CO,38.7563,-108.1565,ada,Breeding,,1996,7,28,
1740-91643,8,E8,Escalante State Wildlife Area,WIFL_ADA2_D6,Eben Paxton,USA,CO,38.7563,-108.1565,ada,Breeding,,1996,7,28,
1740-91644,8,E9,Escalante State Wildlife Area,WIFL_ADA2_D7,Eben Paxton,USA,CO,38.7563,-108.1565,ada,Breeding,,1996,7,28,
1740-91645,8,E10,Escalante State Wildlife Area,WIFL_ADA2_D8,Eben Paxton,USA,CO,38.7563,-108.1565,ada,Breeding,,1996,7,28,
1740-91674,8,E11,Escalante State Wildlife Area,WIFL_ADA2_E3,Eben Paxton,USA,CO,38.7563,-108.1565,ada,Breeding,,1997,5,29,
1740-91675,8,E12,Escalante State Wildlife Area,WIFL_ADA2_E4,Eben Paxton,USA,CO,38.7563,-108.1565,ada,Breeding,,1997,5,29,
1590-97470,8,F1,Fish Lake,WIFL_ADA1_G8,Eben Paxton,USA,UT,38.6931,-111.6785,ada,Breeding,,1997,7,25,
1590-97471,8,F2,Fish Lake,WIFL_ADA1_G9,Eben Paxton,USA,UT,38.6931,-111.6785,ada,Breeding,,1997,7,26,
1740-91951,8,F3,Fremont River,WIFL_ADA3_C5,Eben Paxton,USA,UT,38.3077,-111.512,ada,Breeding,,1998,7,18,
1740-91952,8,F4,Fremont River,WIFL_ADA3_C6,Eben Paxton,USA,UT,38.3077,-111.512,ada,Breeding,,1998,7,18,
1740-91762,8,F5,Gothic,WIFL_ADA2_F1,Eben Paxton,USA,CO,38.9461,-106.9878,ada,Breeding,,1996,7,29,
2350-24112,8,F6,Higel State Wildlife Area,WIFL_EXT8_F3,Eben Paxton,USA,CO,37.5,-106,ada,Breeding,,2004,6,14,
2350-24115,8,F7,Higel State Wildlife Area,WIFL_EXT8_F4,Eben Paxton,USA,CO,37.5,-106,ada,Breeding,,2004,6,14,
2350-24116,8,F8,Higel State Wildlife Area,WIFL_EXT8_F5,Eben Paxton,USA,CO,37.5,-106,ada,Breeding,,2004,6,14,
2350-24117,8,F9,Higel State Wildlife Area,WIFL_EXT8_F6,Eben Paxton,USA,CO,37.5,-106,ada,Breeding,,2004,6,14,
1590-97430,8,F10,Homestake Creek,WIFL_ADA1_D6,Eben Paxton,USA,CO,39.4667,-106.3667,ada,Breeding,,1997,6,14,
1590-97431,8,F11,Homestake Creek,WIFL_ADA1_D7,Eben Paxton,USA,CO,39.4667,-106.3667,ada,Breeding,,1997,6,14,
1740-91763,8,F12,Homestake Creek,WIFL_ADA2_F2,Eben Paxton,USA,CO,39.4667,-106.3667,ada,Breeding,,1996,7,31,
1740-91764,8,G1,Homestake Creek,WIFL_ADA2_F3,Eben Paxton,USA,CO,39.4667,-106.3667,ada,Breeding,,1996,7,31,
1740-91765,8,G2,Homestake Creek,WIFL_ADA2_F4,Eben Paxton,USA,CO,39.4667,-106.3667,ada,Breeding,,1996,7,31,
1740-91776,8,G3,Homestake Creek,WIFL_ADA2_F5,Eben Paxton,USA,CO,39.4667,-106.3667,ada,Breeding,,1996,7,31,
1590-97416,8,G4,Lake Avery,WIFL_ADA1_C7,Eben Paxton,USA,CO,39.9717,-107.6467,ada,Breeding,,1997,6,12,
1590-97384,8,G5,Little Bear River,WIFL_ADA1_A3,Eben Paxton,USA,UT,41.7191,-111.9438,ada,Breeding,,1998,6,18,
1590-97399,8,G6,Logan Canyon,WIFL_ADA1_B7,Eben Paxton,USA,UT,41.928,-111.5602,ada,Breeding,,1998,7,10,
1740-91934,8,G7,Logan Canyon,WIFL_ADA3_A8,Eben Paxton,USA,UT,41.928,-111.5602,ada,Breeding,,1998,7,10,
1740-91935,8,G8,Logan Canyon,WIFL_ADA3_A9,Eben Paxton,USA,UT,41.928,-111.5602,ada,Breeding,,1998,7,10,
1740-91936,8,G9,Logan Canyon,WIFL_ADA3_B1,Eben Paxton,USA,UT,41.928,-111.5602,ada,Breeding,,1998,7,10,
1740-91938,8,G10,Logan Canyon,WIFL_ADA3_B2,Eben Paxton,USA,UT,41.928,-111.5602,ada,Breeding,,1998,7,10,
1590-97385,8,G11,Logan River,WIFL_ADA1_A4,Eben Paxton,USA,UT,41.7205,-111.8837,ada,Breeding,,1998,6,19,
1740-91909,8,G12,Logan River,WIFL_ADA2_H5,Eben Paxton,USA,UT,41.74,-111.79,ada,Breeding,,1998,6,19,
1740-91910,8,H1,Logan River,WIFL_ADA2_H6,Eben Paxton,USA,UT,41.74,-111.79,ada,Breeding,,1998,6,19,
1740-91911,8,H2,Logan River,WIFL_ADA2_H7,Eben Paxton,USA,UT,41.74,-111.79,ada,Breeding,,1998,6,19,
1740-91912,8,H3,Logan River,WIFL_ADA2_H8,Eben Paxton,USA,UT,41.74,-111.79,ada,Breeding,,1998,6,19,
1740-91692,8,H4,Los Ojos/Parkerview Fish Hatchery,WIFL_EXT7_F7,Eben Paxton,USA,NM,36.7292,-106.5694,ext,Breeding,,1998,7,10,
1740-91693,8,H5,Los Ojos/Parkerview Fish Hatchery,WIFL_EXT7_F8,Eben Paxton,USA,NM,36.7292,-106.5694,ext,Breeding,,1998,7,10,
1740-91694,8,H6,Los Ojos/Parkerview Fish Hatchery,WIFL_EXT7_F9,Eben Paxton,USA,NM,36.7292,-106.5694,ext,Breeding,,1998,7,11,
1590-97386,8,H7,Lost Creek,WIFL_ADA1_A5,Eben Paxton,USA,UT,41.222,-111.3575,ada,Breeding,,1998,6,25,
1590-97388,8,H8,Lost Creek,WIFL_ADA1_A6,Eben Paxton,USA,UT,41.222,-111.3575,ada,Breeding,,1998,6,25,
1740-91914,8,H9,Lost Creek,WIFL_ADA2_I1,Eben Paxton,USA,UT,41.19,-111.39,ada,Breeding,,1998,6,25,
1740-91915,8,H10,Lost Creek,WIFL_ADA2_I2,Eben Paxton,USA,UT,41.19,-111.39,ada,Breeding,,1998,6,25,
1740-91916,9,A1,Lost Creek,WIFL_ADA2_I3,Eben Paxton,USA,UT,41.19,-111.39,ada,Breeding,,1998,6,25,
1590-97342,9,A2,Lower Colorado River,WIFL_EXT1_I4,Eben Paxton,USA,AZ,36.0503,-114.7331,ext,Breeding,,1997,6,17,
1590-97343,9,A3,Lower Colorado River,WIFL_EXT1_I5,Eben Paxton,USA,AZ,36.0503,-114.7331,ext,Breeding,,1997,6,18,
1590-97344,9,A4,Lower Colorado River,WIFL_EXT1_I6,Eben Paxton,USA,AZ,36.0503,-114.7331,ext,Breeding,,1997,6,18,
1710-20638,9,A5,Lower Colorado River,WIFL_EXT4_C6,Eben Paxton,USA,AZ,36.0503,-114.7331,ext,Breeding,,1998,7,1,
2140-66628,9,A6,Lower Colorado River,WIFL_EXT8_C4,Eben Paxton,USA,AZ,36.0503,-114.7331,ext,Breeding,,1998,7,8,
2140-66640,9,A7,Lower Colorado River,WIFL_EXT8_C5,Eben Paxton,USA,AZ,36.0503,-114.7331,ext,Breeding,,1998,8,3,
1590-97445,9,A8,McIntire Springs,WIFL_ADA1_E6,Eben Paxton,USA,CO,37.2833,-105.8167,ada,Breeding,,1997,6,27,
1590-97446,9,A9,McIntire Springs,WIFL_ADA1_E7,Eben Paxton,USA,CO,37.2833,-105.8167,ada,Breeding,,1997,6,27,
1590-97447,9,A10,McIntire Springs,WIFL_ADA1_E8,Eben Paxton,USA,CO,37.2833,-105.8167,ada,Breeding,,1997,6,27,
1590-97461,9,A11,McIntyre Springs,WIFL_ADA1_F9,Eben Paxton,USA,CO,37.2833,-105.8167,ada,Breeding,,1997,7,9,
1740-91953,9,A12,Mill Meadow Reservoir,WIFL_ADA3_C7,Eben Paxton,USA,UT,38.4862,-111.574,ada,Breeding,,1998,7,19,
1740-91673,9,B1,Plateau Creek,WIFL_ADA2_E2,Eben Paxton,USA,CO,39.1884,-108.1274,ada,Breeding,,1996,7,30,
1740-91930,9,B2,Provo River Parkway,WIFL_ADA3_A5,Eben Paxton,USA,UT,40.2367,-111.7183,ada,Breeding,,1998,7,9,
1740-91931,9,B3,Provo River Parkway,WIFL_ADA3_A6,Eben Paxton,USA,UT,40.2367,-111.7183,ada,Breeding,,1998,7,9,
1740-91933,9,B4,Provo River Parkway,WIFL_ADA3_A7,Eben Paxton,USA,UT,40.2367,-111.7183,ada,Breeding,,1998,7,9,
1590-97422,9,B5,Rio Blanco Lake,WIFL_ADA1_D1,Eben Paxton,USA,CO,40.0883,-108.2119,ada,Breeding,,1997,6,13,
1590-97423,9,B6,Rio Blanco Lake,WIFL_ADA1_D2,Eben Paxton,USA,CO,40.0883,-108.2119,ada,Breeding,,1997,6,13,
1590-97424,9,B7,Rio Blanco Lake,WIFL_ADA1_D3,Eben Paxton,USA,CO,40.0883,-108.2119,ada,Breeding,,1997,6,13,
1590-97425,9,B8,Rio Blanco Lake,WIFL_ADA1_D4,Eben Paxton,USA,CO,40.0883,-108.2119,ada,Breeding,,1997,6,13,
1590-97427,9,B9,Rio Blanco Lake,WIFL_ADA1_D5,Eben Paxton,USA,CO,40.0883,-108.2119,ada,Breeding,,1997,6,13,
1590-97432,9,B10,Rio Blanco Lake,WIFL_ADA1_D8,Eben Paxton,USA,CO,40.0883,-108.2119,ada,Breeding,,1997,6,16,
1590-97433,9,B11,Rio Blanco Lake,WIFL_ADA1_D9,Eben Paxton,USA,CO,40.0883,-108.2119,ada,Breeding,,1997,6,16,
2350-24107,9,B12,Rio Grande State Wildlife Area,WIFL_EXT8_F1,Eben Paxton,USA,CO,37.5,-106,ada,Breeding,,2004,6,14,
2350-24109,9,C1,Rio Grande State Wildlife Area,WIFL_EXT8_F2,Eben Paxton,USA,CO,37.5,-106,ada,Breeding,,2004,6,14,
2350-24118,9,C2,Rio Grande State Wildlife Area,WIFL_ADA3_C8,Eben Paxton,USA,CO,37.5,-106,ada,Breeding,,2004,6,13,
2350-24120,9,C3,Rio Grande State Wildlife Area,WIFL_ADA3_C9,Eben Paxton,USA,CO,37.5,-106,ada,Breeding,,2004,6,13,
2350-24122,9,C4,Rio Grande State Wildlife Area,WIFL_ADA3_D1,Eben Paxton,USA,CO,37.5,-106,ada,Breeding,,2004,6,13,
1590-97291,9,C5,San Carlos Reservation,WIFL_EXT1_E8,Eben Paxton,USA,AZ,33.1967,-110.4392,ext,Breeding,,2000,6,10,
1710-20641,9,C6,San Carlos Reservation,WIFL_EXT4_C7,Eben Paxton,USA,AZ,33.1967,-110.4392,ext,Breeding,,2000,6,20,
1710-20643,9,C7,San Carlos Reservation,WIFL_EXT4_C9,Eben Paxton,USA,AZ,33.1967,-110.4392,ext,Breeding,,2000,6,20,
1710-20645,9,C8,San Carlos Reservation,WIFL_EXT4_D2,Eben Paxton,USA,AZ,33.1967,-110.4392,ext,Breeding,,2000,6,29,
1710-20661,9,C9,San Carlos Reservation,WIFL_EXT4_E1,Eben Paxton,USA,AZ,33.1967,-110.4392,ext,Breeding,,2000,6,29,
1710-46394,9,C10,San Carlos Reservation,WIFL_EXT5_B8,Eben Paxton,USA,AZ,33.1967,-110.4392,ext,Breeding,,2000,6,20,
1710-46397,9,C11,San Carlos Reservation,WIFL_EXT5_C2,Eben Paxton,USA,AZ,33.1967,-110.4392,ext,Breeding,,2000,6,21,
1710-46400,9,C12,San Carlos Reservation,WIFL_EXT5_C5,Eben Paxton,USA,AZ,33.1967,-110.4392,ext,Breeding,,2000,6,20,
1710-20404,9,D1,San Marcial,WIFL_EXT2_H7,Eben Paxton,USA,NM,33.5729,-107.03,ext,Breeding,,1998,7,12,
1710-20405,9,D2,San Marcial,WIFL_EXT2_H8,Eben Paxton,USA,NM,33.5729,-107.03,ext,Breeding,,1998,7,12,
1710-46316,9,D3,Shiprock,WIFL_EXT4_G2,Eben Paxton,USA,NM,36.8667,-108.7767,ext,Breeding,,1998,7,24,
1710-46317,9,D4,Shiprock,WIFL_EXT4_G3,Eben Paxton,USA,NM,36.8667,-108.7767,ext,Breeding,,1998,7,24,
2350-24201,9,D5,Southern Ute Reservation,WIFL_ADA3_D2,Eben Paxton,USA,CO,37.121417,-107.592353,ext,Breeding,,2004,NA,NA,
2350-24224,9,D6,Southern Ute Reservation,WIFL_ADA3_D3,Eben Paxton,USA,CO,37.121417,-107.592353,ext,Breeding,,2004,NA,NA,
2350-24225,9,D7,Southern Ute Reservation,WIFL_ADA3_D4,Eben Paxton,USA,CO,37.121417,-107.592353,ext,Breeding,,2004,8,1,
2350-24226,9,D8,Southern Ute Reservation,WIFL_ADA3_D5,Eben Paxton,USA,CO,37.121417,-107.592353,ext,Breeding,,2004,7,19,
2350-24227,9,D9,Southern Ute Reservation,WIFL_ADA3_D7,Eben Paxton,USA,CO,37.121417,-107.592353,ext,Breeding,,2004,7,6,
2350-24228,9,D10,Southern Ute Reservation,WIFL_ADA3_D8,Eben Paxton,USA,CO,37.121417,-107.592353,ext,Breeding,,2004,7,31,
1740-91907,9,D11,Spring Creek WMA,WIFL_ADA2_H3,Eben Paxton,USA,UT,41.7198,-111.9349,ada,Breeding,,1998,6,18,
1740-91908,9,D12,Spring Creek WMA,WIFL_ADA2_H4,Eben Paxton,USA,UT,41.7198,-111.9349,ada,Breeding,,1998,6,18,
1740-91954,9,E1,St. George,WIFL_EXT8_B3,Eben Paxton,USA,UT,37.1083,-113.7384,ext,Breeding,,1998,8,5,
1740-91955,9,E2,St. George,WIFL_EXT8_B4,Eben Paxton,USA,UT,37.1083,-113.7384,ext,Breeding,,1998,8,5,
1740-91956,9,E3,St. George,WIFL_EXT8_B5,Eben Paxton,USA,UT,37.1083,-113.7384,ext,Breeding,,1998,8,5,
1740-91957,9,E4,St. George,WIFL_EXT8_B6,Eben Paxton,USA,UT,37.1083,-113.7384,ext,Breeding,,1998,8,5,
1590-97395,9,E5,Stewart Lake,WIFL_ADA1_B3,Eben Paxton,USA,UT,40.3462,-109.3588,ada,Breeding,,1998,7,1,
1740-91925,9,E6,Stewart Lake,WIFL_ADA2_I9,Eben Paxton,USA,UT,40.3462,-109.3588,ada,Breeding,,1998,7,1,
1740-91926,9,E7,Stewart Lake,WIFL_ADA3_A1,Eben Paxton,USA,UT,40.3462,-109.3588,ada,Breeding,,1998,7,1,
1590-97396,9,E8,Strawberry River,WIFL_ADA1_B4,Eben Paxton,USA,UT,40.3468,-111.2271,ada,Breeding,,1998,7,2,
1590-97397,9,E9,Strawberry River,WIFL_ADA1_B5,Eben Paxton,USA,UT,40.3468,-111.2271,ada,Breeding,,1998,7,2,
1590-97398,9,E10,Strawberry River,WIFL_ADA1_B6,Eben Paxton,USA,UT,40.3468,-111.2271,ada,Breeding,,1998,7,2,
1740-91928,9,E11,Strawberry River,WIFL_ADA3_A3,Eben Paxton,USA,UT,40.3468,-111.2271,ada,Breeding,,1998,7,2,
1740-91929,9,E12,Strawberry River,WIFL_ADA3_A4,Eben Paxton,USA,UT,40.3468,-111.2271,ada,Breeding,,1998,7,2,
1740-91687,9,F1,Tierra Azul,WIFL_EXT7_F2,Eben Paxton,USA,NM,36.3042,-105.5733,ext,Breeding,,1998,NA,NA,
1740-91688,9,F2,Tierra Azul,WIFL_EXT7_F3,Eben Paxton,USA,NM,36.3042,-105.5733,ext,Breeding,,1998,7,9,
1740-91691,9,F3,Tierra Azul,WIFL_EXT7_F6,Eben Paxton,USA,NM,36.3042,-105.5733,ext,Breeding,,1998,7,10,
1740-91927,9,F4,Uinta River,WIFL_ADA3_A2,Eben Paxton,USA,UT,40.5943,-110.125,ada,Breeding,,1998,7,1,
1590-97463,9,F5,Vega Reservoir,WIFL_ADA1_G1,Eben Paxton,USA,CO,39.225,-107.8083,ada,Breeding,,1997,7,12,
1590-97464,9,F6,Vega Reservoir,WIFL_ADA1_G2,Eben Paxton,USA,CO,39.225,-107.8083,ada,Breeding,,1997,7,13,
1710-46365,9,F7,West Fort Ditch,WIFL_EXT4_H8,Eben Paxton,USA,NM,33.0386,-108.5378,ext,Breeding,,2000,6,28,
1710-46368,9,F8,West Fort Ditch,WIFL_EXT4_I2,Eben Paxton,USA,NM,33.0386,-108.5378,ext,Breeding,,2000,6,28,
1710-46369,9,F9,West Fort Ditch,WIFL_EXT4_I3,Eben Paxton,USA,NM,33.0386,-108.5378,ext,Breeding,,2000,6,28,
1710-46370,9,F10,West Fort Ditch,WIFL_EXT4_I4,Eben Paxton,USA,NM,33.0386,-108.5378,ext,Breeding,,2000,6,28,
1710-46387,9,F11,West Fort Ditch,WIFL_EXT5_B2,Eben Paxton,USA,NM,33.0386,-108.5378,ext,Breeding,,2000,6,28,
1710-46388,9,F12,West Fort Ditch,WIFL_EXT5_B3,Eben Paxton,USA,NM,33.0386,-108.5378,ext,Breeding,,2000,6,28,
1710-46389,9,G1,West Fort Ditch,WIFL_EXT5_B4,Eben Paxton,USA,NM,33.0386,-108.5378,ext,Breeding,,2000,6,28,
1740-91683,9,G2,West Fort Ditch,WIFL_EXT7_E8,Eben Paxton,USA,NM,33.0386,-108.5378,ext,Breeding,,1998,6,24,
1590-97225,9,G3,White Mountains,WIFL_EXT1_B1,Eben Paxton,USA,AZ,34,-109,ext,Breeding,,1997,6,14,
1590-97261,9,G4,White Mountains,WIFL_EXT1_E1,Eben Paxton,USA,AZ,34,-109,ext,Breeding,,1997,7,20,
1590-97369,9,G5,White Mountains,WIFL_EXT2_B1,Eben Paxton,USA,AZ,34,-109,ext,Breeding,,1997,7,9,
1590-97370,9,G6,White Mountains,WIFL_EXT2_B2,Eben Paxton,USA,AZ,34,-109,ext,Breeding,,1997,7,9,
1590-97371,9,G7,White Mountains,WIFL_EXT2_B3,Eben Paxton,USA,AZ,34,-109,ext,Breeding,,1997,7,9,
1710-20632,9,G8,White Mountains,WIFL_EXT4_C1,Eben Paxton,USA,AZ,34,-109,ext,Breeding,,1998,7,14,
1710-46396,9,G9,White Mountains,WIFL_EXT5_C1,Eben Paxton,USA,AZ,34,-109,ext,Breeding,,1999,6,12,
1740-91535,9,G10,White Mountains,WIFL_EXT7_A3,Eben Paxton,USA,AZ,34,-109,ext,Breeding,,1996,7,26,
1740-91631,9,G11,White Mountains,WIFL_EXT7_E3,Eben Paxton,USA,AZ,34,-109,ext,Breeding,,1996,7,11,
1740-91698,9,G12,White Mountains,WIFL_EXT7_G4,Eben Paxton,USA,AZ,34,-109,ext,Breeding,,1998,7,21,
1590-97417,9,H1,White River at Buford,WIFL_ADA1_C8,Eben Paxton,USA,CO,39.95,-107.7,ada,Breeding,,1997,6,12,
1590-97418,9,H2,White River at Buford,WIFL_ADA1_C9,Eben Paxton,USA,CO,39.95,-107.7,ada,Breeding,,1997,6,12,
1590-97226,9,H3,Zuni/Nutria Diversion Reservoi,WIFL_EXT1_B2,Eben Paxton,USA,NM,35.2354,-108.64,ext,Breeding,,1997,6,15,
1590-97227,9,H4,Zuni/Nutria Diversion Reservoi,WIFL_EXT1_B3,Eben Paxton,USA,NM,35.2354,-108.64,ext,Breeding,,1997,6,15,
1590-97229,9,H5,Zuni/Nutria Diversion Reservoi,WIFL_EXT1_B4,Eben Paxton,USA,NM,35.2354,-108.64,ext,Breeding,,1997,6,15,
1590-97230,9,H6,Zuni/Nutria Diversion Reservoi,WIFL_EXT1_B5,Eben Paxton,USA,NM,35.2354,-108.64,ext,Breeding,,1997,6,16,
1590-97361,9,H7,Zuni/Nutria Diversion Reservoi,WIFL_EXT2_A5,Eben Paxton,USA,NM,35.2354,-108.64,ext,Breeding,,1997,7,2,
1590-97362,9,H8,Zuni/Nutria Diversion Reservoi,WIFL_EXT2_A6,Eben Paxton,USA,NM,35.2354,-108.64,ext,Breeding,,1997,7,2,
1590-97363,9,H9,Zuni/Nutria Diversion Reservoi,WIFL_EXT2_A7,Eben Paxton,USA,NM,35.2354,-108.64,ext,Breeding,,1997,7,2,
1590-97364,9,H10,Zuni/Nutria Diversion Reservoi,WIFL_EXT2_A8,Eben Paxton,USA,NM,35.2354,-108.64,ext,Breeding,,1997,7,2,
2240-94365,10,A1,Jatun Sacha,WIFL_MW3_A8,Eben Paxton,EC,EC,-1.07,-77.61,NA,Wintering,,2004,1,27,
2240-94367,10,A2,"Hacienda Johanna, Tena",WIFL_MW3_B1,Eben Paxton,EC,EC,-0.9664,-77.812,NA,Wintering,,2004,1,28,
2240-94395,10,A3,Yuturi Lodge,WIFL_MW3_B3,Eben Paxton,EC,EC,-0.4331,-76.279,NA,Wintering,,2004,1,16,
2330-99704,10,A4,La Selva Lodge,WIFL_MW3_C3,Eben Paxton,EC,EC,-0.5,-76.37,NA,Wintering,,2004,1,14,
2330-99706,10,A5,Yuturi Lodge,WIFL_MW3_C5,Eben Paxton,EC,EC,-0.4331,-76.279,NA,Wintering,,2004,1,17,
2330-99708,10,A6,Jaguar Lodge,WIFL_MW3_C7,Eben Paxton,EC,EC,-1.07,-77.61,NA,Wintering,,2004,1,26,
2330-99709,10,A7,"Hacienda Johanna, Tena",WIFL_MW3_C8,Eben Paxton,EC,EC,-0.9664,-77.812,NA,Wintering,,2004,1,28,
2330-99713,10,A8,Sacha Lodge,WIFL_MW3_D1,Eben Paxton,EC,EC,-0.47,-76.46,NA,Wintering,,2004,1,12,
2330-99715,10,A9,Sani Lodge,WIFL_MW3_D3,Eben Paxton,EC,EC,-0.4233,-76.285,NA,Wintering,,2004,1,13,
2330-99717,10,A10,"Hacienda Johanna, Tena",WIFL_MW3_D5,Eben Paxton,EC,EC,-0.9664,-77.812,NA,Wintering,,2004,1,27,
2240-94344,10,A11,Jatun Sacha,WIFL_MW3_A1,Mary Whitfield,EC,EC,-1.07,-77.61,NA,Wintering,,2004,1,24,
2240-94345,10,A12,Jatun Sacha,WIFL_MW3_A2,Mary Whitfield,EC,EC,-1.07,-77.61,NA,Wintering,,2004,1,26,
2240-94346,10,B1,Jatun Sacha,WIFL_MW3_A3,Mary Whitfield,EC,EC,-1.07,-77.61,NA,Wintering,,2004,1,26,
2240-94347,10,B2,Jatun Sacha,WIFL_MW3_A4,Mary Whitfield,EC,EC,-1.07,-77.61,NA,Wintering,,2004,1,27,
2240-94361,10,B3,Yuturi,WIFL_MW3_A5,Mary Whitfield,EC,EC,-0.4331,-76.279,NA,Wintering,,2004,1,18,
2240-94362,10,B4,Coca,WIFL_MW3_A6,Mary Whitfield,EC,EC,-0.4555,-76.993,NA,Wintering,,2004,1,24,
2240-94363,10,B5,Coca,WIFL_MW3_A7,Mary Whitfield,EC,EC,-0.4555,-76.993,NA,Wintering,,2004,1,24,
2240-94366,10,B6,Jatun Sacha,WIFL_MW3_A9,Mary Whitfield,EC,EC,-1.07,-77.61,NA,Wintering,,2004,1,27,
2240-94368,10,B7,Hacienda Johanna,WIFL_MW3_B2,Mary Whitfield,EC,EC,-0.9957,-77.813,NA,Wintering,,2004,1,28,
2240-94396,10,B8,La Selva,WIFL_MW3_B4,Mary Whitfield,EC,EC,-0.5,-76.37,NA,Wintering,,2004,1,15,
2240-94397,10,B9,La Selva,WIFL_MW3_B5,Mary Whitfield,EC,EC,-0.5,-76.37,NA,Wintering,,2004,1,15,
2240-94398,10,B10,Sani,WIFL_MW3_B6,Mary Whitfield,EC,EC,-0.4759,-76.313,NA,Wintering,,2004,1,13,
2240-94399,10,B11,Coca,WIFL_MW3_B7,Mary Whitfield,EC,EC,-0.4555,-76.993,NA,Wintering,,2004,1,11,
2240-94400,10,B12,Mondaa/Yachana,WIFL_MW3_B8,Mary Whitfield,EC,EC,-0.836,-77.221,NA,Wintering,,2004,1,7,
2330-99701,10,C1,Sacha,"WIFL_MW3_B9, WIFL_MWBlood_I3",Mary Whitfield,EC,EC,-0.47,-76.46,NA,Wintering,,2004,1,11,
2330-99702,10,C2,Sani,"WIFL_MW3_C1, WIFL_MWBlood_I4",Mary Whitfield,EC,EC,-0.4759,-76.313,NA,Wintering,,2004,1,13,
2330-99703,10,C3,La Selva,"WIFL_MW3_C2, WIFL_MWBlood_I5",Mary Whitfield,EC,EC,-0.5,-76.37,NA,Wintering,,2004,1,14,
2330-99705,10,C4,Yuturi,WIFL_MW3_C4,Mary Whitfield,EC,EC,-0.4331,-76.279,NA,Wintering,,2004,1,16,
2330-99707,10,C5,Jaguar Lodge,WIFL_MW3_C6,Mary Whitfield,EC,EC,-1.07,-77.61,NA,Wintering,,2004,1,25,
2330-99714,10,C6,Sani,WIFL_MW3_D2,Mary Whitfield,EC,EC,-0.4759,-76.313,NA,Wintering,,2004,1,13,
2330-99716,10,C7,Yuturi,WIFL_MW3_D4,Mary Whitfield,EC,EC,-0.4331,-76.279,NA,Wintering,,2004,1,17,
2330-99727,10,C8,"Hacienda Johanna, Tena",WIFL_MW3_D6,Mary Whitfield,EC,EC,-0.9957,-77.813,NA,Wintering,,2005,1,19,
2330-99728,10,C9,"Hacienda Johanna, Tena",WIFL_MW3_D7,Mary Whitfield,EC,EC,-0.9957,-77.813,NA,Wintering,,2005,1,20,
2330-99729,10,C10,Jatun Sacha,WIFL_MW3_D8,Mary Whitfield,EC,EC,-1.0859,-77.616,NA,Wintering,,2005,1,22,
2330-99730,10,C11,Jatun Sacha,WIFL_MW3_D9,Mary Whitfield,EC,EC,-1.0859,-77.616,NA,Wintering,,2005,1,23,
2330-99731,10,C12,La Selva,WIFL_MW3_E1,Mary Whitfield,EC,EC,-0.5,-76.37,NA,Wintering,,2005,1,28,
2330-99747,10,D1,Mondaa/Yachana,"WIFL_MW3_E2, E3",Mary Whitfield,EC,EC,-0.836,-77.221,NA,Wintering,,2005,1,20,
2330-99748,10,D2,Coca,WIFL_MW3_E4,Mary Whitfield,EC,EC,-0.4555,-76.993,NA,Wintering,,2005,1,22,
2330-99749,10,D3,Coca River,WIFL_MW3_E5,Mary Whitfield,EC,EC,-0.4555,-76.993,NA,Wintering,,2005,1,24,
2330-99750,10,D4,Coca,WIFL_MW3_E6,Mary Whitfield,EC,EC,-0.4555,-76.993,NA,Wintering,,2005,1,23,
2330-99751,10,D5,Coca,WIFL_MW3_E7,Mary Whitfield,EC,EC,-0.4555,-76.993,NA,Wintering,,2005,1,23,
2330-99762,10,D6,"Hacienda Johanna, Tena",WIFL_MW3_E8,Mary Whitfield,EC,EC,-0.9957,-77.813,NA,Wintering,,2005,1,20,
2330-99763,10,D7,Sani Island,WIFL_MW3_E9,Mary Whitfield,EC,EC,-0.4759,-76.313,NA,Wintering,,2005,1,26,
2330-99764,10,D8,Sani Island,WIFL_MW3_F1,Mary Whitfield,EC,EC,-0.4759,-76.313,NA,Wintering,,2005,1,27,
2330-99765,10,D9,Sani Island,WIFL_MW3_F2,Mary Whitfield,EC,EC,-0.4759,-76.313,NA,Wintering,,2005,1,28,
2330-99766,10,D10,Sani Island,WIFL_MW3_F3,Mary Whitfield,EC,EC,-0.4759,-76.313,NA,Wintering,,2005,1,28,
2330-99777,10,D11,Mondaa/Yachana,"WIFL_MW3_F4, F5",Mary Whitfield,EC,EC,-0.836,-77.221,NA,Wintering,,2005,1,20,
2150-26506,10,D12,Pese,WIFL_PA-TRA1_A6,Eben Paxton,PAN,PAN,7.8867,-80.541,NA,Wintering,,2000,1,12,
2150-26507,10,E1,Pese,WIFL_PA-TRA1_A7,Eben Paxton,PAN,PAN,7.8867,-80.541,NA,Wintering,,2000,1,12,
2150-26508,10,E2,San Felix,WIFL_PA-TRA1_A8,Eben Paxton,PAN,PAN,8.1732,-81.867,NA,Wintering,,2000,1,15,
2150-26509,10,E3,San Felix,WIFL_PA-TRA1_A9,Eben Paxton,PAN,PAN,8.1732,-81.867,NA,Wintering,,2000,1,15,
2150-26511,10,E4,Tocuman Marsh,WIFL_PA-TRA1_B1,Eben Paxton,PAN,PAN,9.0705,-79.376,NA,Wintering,,2000,1,19,
2150-26512,10,E5,El Real,WIFL_PA-TRA1_B2,Eben Paxton,PAN,PAN,8.1057,-77.723,NA,Wintering,,2000,1,22,
2150-26513,10,E6,El Real,WIFL_PA-TRA1_B3,Eben Paxton,PAN,PAN,8.1057,-77.723,NA,Wintering,,2000,1,22,
2150-26514,10,E7,Las Lajas,WIFL_PA-TRA1_B4,Eben Paxton,PAN,PAN,8.1732,-81.867,NA,Wintering,,2000,1,16,
2150-26516,10,E8,Las Lajas,WIFL_PA-TRA1_B5,Eben Paxton,PAN,PAN,8.1732,-81.867,NA,Wintering,,2000,1,16,
2150-26517,10,E9,Tocuman Marsh,WIFL_PA-TRA1_B6,Eben Paxton,PAN,PAN,9.0705,-79.376,NA,Wintering,,2000,1,19,
2150-26526,10,E10,Laguna Naranja W.,WIFL_PA-TRA1_B8,Eben Paxton,PAN,PAN,7.4488,-80.376,NA,Wintering,,2000,1,10,
2150-26529,10,E11,Pese,WIFL_PA-TRA1_B9,Eben Paxton,PAN,PAN,7.8867,-80.541,NA,Wintering,,2000,1,12,
2150-26530,10,E12,Pese,WIFL_PA-TRA1_C1,Eben Paxton,PAN,PAN,7.8867,-80.541,NA,Wintering,,2000,1,12,
2150-26531,10,F1,Pese,WIFL_PA-TRA1_C2,Eben Paxton,PAN,PAN,7.8867,-80.541,NA,Wintering,,2000,1,12,
2150-26532,10,F2,Pese,WIFL_PA-TRA1_C3,Eben Paxton,PAN,PAN,7.8867,-80.541,NA,Wintering,,2000,1,12,
2150-26533,10,F3,Pese,WIFL_PA-TRA1_C4,Eben Paxton,PAN,PAN,7.8867,-80.541,NA,Wintering,,2000,1,17,
2150-26534,10,F4,Pese,WIFL_PA-TRA1_C5,Eben Paxton,PAN,PAN,7.8867,-80.541,NA,Wintering,,2000,1,24,
2150-26538,10,F5,El Real,WIFL_PA-TRA1_C6,Eben Paxton,PAN,PAN,8.1057,-77.723,NA,Wintering,,2000,1,22,
2150-26541,10,F6,El Real,WIFL_PA-TRA1_C7,Eben Paxton,PAN,PAN,8.1057,-77.723,NA,Wintering,,2000,1,22,
2150-26542,10,F7,El Real,WIFL_PA-TRA1_C8,Eben Paxton,PAN,PAN,8.1057,-77.723,NA,Wintering,,2000,1,24,
100451,10,F8,Coos,WIFL_MISC_C1,Sharon Birks,USA,OR,43.295,-124.12,brw,Breeding,,2006,6,15,
100471,10,F9,Coos,WIFL_MISC_C2,Sharon Birks,USA,OR,43.295,-124.12,brw,Breeding,,2006,6,14,
100472,10,F10,Coos,WIFL_MISC_C3,Sharon Birks,USA,OR,43.295,-124.12,brw,Breeding,,2006,6,14,
100492,10,F11,Coos,WIFL_MISC_C4,Sharon Birks,USA,OR,43.295,-124.12,brw,Breeding,,2006,6,17,
113898,10,F12,Coos,WIFL_MISC_C5,Sharon Birks,USA,OR,43.295,-124.12,brw,Breeding,,2006,6,13,
113900,10,G1,Coos,WIFL_MISC_C6,Sharon Birks,USA,OR,43.295,-124.12,brw,Breeding,,2006,6,14,
1590-97275,10,G2,Rogue River/Gold Beach,WIFL_BRW1_A4,Eben Paxton,USA,OR,42.445,-124.38,brw,Breeding,,1999,7,16,
1590-97276,10,G3,Rogue River/Gold Beach,WIFL_BRW1_A5,Eben Paxton,USA,OR,42.445,-124.38,brw,Breeding,,1999,7,16,
1590-97277,10,G4,Rogue River/Gold Beach,WIFL_BRW1_A6,Eben Paxton,USA,OR,42.445,-124.38,brw,Breeding,,1999,7,16,
1710-20522,10,G5,Rogue River/Gold Beach,WIFL_BRW1_C8,Eben Paxton,USA,OR,42.445,-124.38,brw,Breeding,,1999,7,16,
1710-20523,10,G6,Rogue River/Gold Beach,WIFL_BRW1_C9,Eben Paxton,USA,OR,42.445,-124.38,brw,Breeding,,1999,7,16,
1590-97278,10,G7,Eugene,WIFL_BRW1_A7,Eben Paxton,USA,OR,44.0572,-123.21,brw,Breeding,,1999,7,17,
1710-20524,10,G8,Eugene,WIFL_BRW1_D1,Eben Paxton,USA,OR,44.0572,-123.21,brw,Breeding,,1999,7,17,
1710-20535,10,G9,Austoria Airport,WIFL_BRW1_E3,Eben Paxton,USA,OR,46.1503,-123.88,brw,Breeding,,1999,7,20,
1710-20536,10,G10,Austoria Airport,WIFL_BRW1_E4,Eben Paxton,USA,OR,46.1503,-123.88,brw,Breeding,,1999,7,20,
1710-20537,10,G11,Austoria Airport,WIFL_BRW1_E5,Eben Paxton,USA,OR,46.1503,-123.88,brw,Breeding,,1999,7,20,
1710-20538,10,G12,Austoria Airport,WIFL_BRW1_E6,Eben Paxton,USA,OR,46.1503,-123.88,brw,Breeding,,1999,7,20,
1710-46166,10,H1,Edgwick,WIFL_BRW1_F4,Eben Paxton,USA,WA,47.4689,-121.71,brw,Breeding,Possible Breeding,1999,7,22,
1710-46168,10,H2,Carbondale,WIFL_BRW1_F6,Eben Paxton,USA,WA,47.089,-122.05,brw,Breeding,Possible Breeding,1999,7,22,
1710-46169,10,H3,Carbondale,WIFL_BRW1_F7,Eben Paxton,USA,WA,47.089,-122.05,brw,Breeding,Possible Breeding,1999,7,22,
1710-46171,10,H4,Carbondale,WIFL_BRW1_F9,Eben Paxton,USA,WA,47.089,-122.05,brw,Breeding,Possible Breeding,1999,7,22,
1710-46172,10,H5,Carbondale,WIFL_BRW1_G1,Eben Paxton,USA,WA,47.089,-122.05,brw,Breeding,Possible Breeding,1999,7,22,
1710-20369,10,H6,Bigelow Meadows,WIFL_BRW1_B6,Eben Paxton,USA,CA,41.2583,-121.88,brw,Breeding,,1998,7,15,
1710-20370,10,H7,Bigelow Meadows,WIFL_BRW1_B7,Eben Paxton,USA,CA,41.2583,-121.88,brw,Breeding,,1998,7,15,
1710-20371,10,H8,Bigelow Meadows,WIFL_BRW1_B8,Eben Paxton,USA,CA,41.2583,-121.88,brw,Breeding,,1998,7,15,
SEIA01,10,H9,Seiad Valley,WIFL_BRW1_G7,Eben Paxton,USA,CA,41.8403,-123.19,brw,Breeding,,1999,7,13,
SEIA02,10,H10,Seiad Valley,WIFL_BRW1_G8,Eben Paxton,USA,CA,41.8403,-123.19,brw,Breeding,,1999,7,13,
